,country,date,UNEMP_rate
0,CAN,1955-01-01,4.8
1,JPN,1955-01-01,2.466667
2,USA,1955-01-01,4.733333
3,CAN,1955-04-01,4.433333
4,JPN,1955-04-01,2.5
5,USA,1955-04-01,4.4
6,CAN,1955-07-01,4.066667
7,JPN,1955-07-01,2.6
8,USA,1955-07-01,4.1
9,CAN,1955-10-01,3.833333
10,JPN,1955-10-01,2.5
11,USA,1955-10-01,4.233333
12,CAN,1956-01-01,3.7
13,JPN,1956-01-01,2.6
14,USA,1956-01-01,4.033333
15,CAN,1956-04-01,3.366667
16,JPN,1956-04-01,2.3
17,USA,1956-04-01,4.2
18,CAN,1956-07-01,3.033333
19,JPN,1956-07-01,2.133333
20,USA,1956-07-01,4.133333
21,CAN,1956-10-01,3.1
22,JPN,1956-10-01,2.166667
23,USA,1956-10-01,4.133333
24,CAN,1957-01-01,3.933333
25,JPN,1957-01-01,2.033333
26,USA,1957-01-01,3.933333
27,CAN,1957-04-01,4.133333
28,JPN,1957-04-01,1.9
29,USA,1957-04-01,4.1
30,CAN,1957-07-01,4.933333
31,JPN,1957-07-01,1.866667
32,USA,1957-07-01,4.233333
33,CAN,1957-10-01,6.0
34,JPN,1957-10-01,1.9
35,USA,1957-10-01,4.933333
36,CAN,1958-01-01,6.666667
37,JPN,1958-01-01,1.933333
38,USA,1958-01-01,6.3
39,CAN,1958-04-01,7.266667
40,JPN,1958-04-01,2.066667
41,USA,1958-04-01,7.366667
42,CAN,1958-07-01,7.366667
43,JPN,1958-07-01,2.166667
44,USA,1958-07-01,7.333333
45,CAN,1958-10-01,7.233333
46,JPN,1958-10-01,2.1
47,USA,1958-10-01,6.366667
48,CAN,1959-01-01,6.233333
49,JPN,1959-01-01,2.433333
50,USA,1959-01-01,5.833333
51,CAN,1959-04-01,5.9
52,JPN,1959-04-01,2.233333
53,USA,1959-04-01,5.1
54,CAN,1959-07-01,5.6
55,JPN,1959-07-01,2.2
56,USA,1959-07-01,5.266667
57,CAN,1959-10-01,5.766667
58,JPN,1959-10-01,1.966667
59,USA,1959-10-01,5.6
60,CAN,1960-01-01,6.333333
61,JPN,1960-01-01,1.766667
62,USA,1960-01-01,5.133333
63,CAN,1960-04-01,6.9
64,JPN,1960-04-01,1.666667
65,USA,1960-04-01,5.233333
66,CAN,1960-07-01,7.4
67,JPN,1960-07-01,1.566667
68,USA,1960-07-01,5.533333
69,CAN,1960-10-01,7.566667
70,JPN,1960-10-01,1.466667
71,USA,1960-10-01,6.266667
72,CAN,1961-01-01,7.633333
73,JPN,1961-01-01,1.433333
74,USA,1961-01-01,6.8
75,CAN,1961-04-01,7.533333
76,JPN,1961-04-01,1.466667
77,USA,1961-04-01,7.0
78,CAN,1961-07-01,6.966667
79,JPN,1961-07-01,1.433333
80,USA,1961-07-01,6.766667
81,CAN,1961-10-01,6.2
82,JPN,1961-10-01,1.433333
83,USA,1961-10-01,6.2
84,CAN,1962-01-01,6.066667
85,JPN,1962-01-01,1.3
86,USA,1962-01-01,5.633333
87,CAN,1962-04-01,5.733333
88,JPN,1962-04-01,1.3
89,USA,1962-04-01,5.533333
90,CAN,1962-07-01,5.8
91,JPN,1962-07-01,1.233333
92,USA,1962-07-01,5.566667
93,CAN,1962-10-01,5.866667
94,JPN,1962-10-01,1.333333
95,USA,1962-10-01,5.533333
96,CAN,1963-01-01,5.866667
97,JPN,1963-01-01,1.4
98,USA,1963-01-01,5.766667
99,CAN,1963-04-01,5.633333
100,JPN,1963-04-01,1.2
101,USA,1963-04-01,5.733333
102,CAN,1963-07-01,5.333333
103,JPN,1963-07-01,1.2
104,USA,1963-07-01,5.5
105,CAN,1963-10-01,5.1
106,JPN,1963-10-01,1.233333
107,USA,1963-10-01,5.566667
108,CAN,1964-01-01,4.866667
109,JPN,1964-01-01,1.233333
110,USA,1964-01-01,5.466667
111,CAN,1964-04-01,4.766667
112,JPN,1964-04-01,1.166667
113,USA,1964-04-01,5.2
114,CAN,1964-07-01,4.566667
115,JPN,1964-07-01,1.166667
116,USA,1964-07-01,5.0
117,CAN,1964-10-01,4.433333
118,JPN,1964-10-01,1.1
119,USA,1964-10-01,4.966667
120,CAN,1965-01-01,4.133333
121,JPN,1965-01-01,1.133333
122,USA,1965-01-01,4.9
123,CAN,1965-04-01,4.166667
124,JPN,1965-04-01,1.233333
125,USA,1965-04-01,4.666667
126,CAN,1965-07-01,3.766667
127,JPN,1965-07-01,1.266667
128,USA,1965-07-01,4.366667
129,CAN,1965-10-01,3.4
130,JPN,1965-10-01,1.3
131,USA,1965-10-01,4.1
132,CAN,1966-01-01,3.366667
133,JPN,1966-01-01,1.366667
134,USA,1966-01-01,3.866667
135,CAN,1966-04-01,3.1
136,JPN,1966-04-01,1.333333
137,USA,1966-04-01,3.833333
138,CAN,1966-07-01,3.433333
139,JPN,1966-07-01,1.3
140,USA,1966-07-01,3.766667
141,CAN,1966-10-01,3.4
142,JPN,1966-10-01,1.266667
143,USA,1966-10-01,3.7
144,CAN,1967-01-01,3.7
145,JPN,1967-01-01,1.3
146,USA,1967-01-01,3.833333
147,CAN,1967-04-01,3.733333
148,JPN,1967-04-01,1.266667
149,USA,1967-04-01,3.833333
150,CAN,1967-07-01,3.666667
151,JPN,1967-07-01,1.166667
152,USA,1967-07-01,3.8
153,CAN,1967-10-01,4.166667
154,JPN,1967-10-01,1.266667
155,USA,1967-10-01,3.9
156,CAN,1968-01-01,4.433333
157,JPN,1968-01-01,1.266667
158,USA,1968-01-01,3.733333
159,CAN,1968-04-01,4.533333
160,JPN,1968-04-01,1.166667
161,USA,1968-04-01,3.566667
162,CAN,1968-07-01,4.533333
163,JPN,1968-07-01,1.2
164,USA,1968-07-01,3.533333
165,CAN,1968-10-01,4.466667
166,JPN,1968-10-01,1.066667
167,USA,1968-10-01,3.4
168,CAN,1969-01-01,4.266667
169,JPN,1969-01-01,1.133333
170,USA,1969-01-01,3.4
171,CAN,1969-04-01,4.366667
172,JPN,1969-04-01,1.2
173,USA,1969-04-01,3.433333
174,CAN,1969-07-01,4.4
175,JPN,1969-07-01,1.133333
176,USA,1969-07-01,3.566667
177,CAN,1969-10-01,4.6
178,JPN,1969-10-01,1.066667
179,USA,1969-10-01,3.566667
180,CAN,1970-01-01,4.866667
181,JPN,1970-01-01,1.066667
182,USA,1970-01-01,4.166667
183,CAN,1970-04-01,5.766667
184,JPN,1970-04-01,1.133333
185,USA,1970-04-01,4.766667
186,CAN,1970-07-01,6.166667
187,JPN,1970-07-01,1.233333
188,USA,1970-07-01,5.166667
189,CAN,1970-10-01,6.1
190,JPN,1970-10-01,1.266667
191,USA,1970-10-01,5.833333
192,CAN,1971-01-01,6.233333
193,JPN,1971-01-01,1.166667
194,USA,1971-01-01,5.933333
195,CAN,1971-04-01,6.266667
196,JPN,1971-04-01,1.2
197,USA,1971-04-01,5.9
198,CAN,1971-07-01,6.1
199,JPN,1971-07-01,1.233333
200,USA,1971-07-01,6.033333
201,CAN,1971-10-01,6.133333
202,JPN,1971-10-01,1.333333
203,USA,1971-10-01,5.933333
204,CAN,1972-01-01,5.966667
205,JPN,1972-01-01,1.4
206,USA,1972-01-01,5.766667
207,CAN,1972-04-01,6.066667
208,JPN,1972-04-01,1.4
209,USA,1972-04-01,5.7
210,CAN,1972-07-01,6.366667
211,JPN,1972-07-01,1.433333
212,USA,1972-07-01,5.566667
213,CAN,1972-10-01,6.466667
214,JPN,1972-10-01,1.4
215,USA,1972-10-01,5.366667
216,CAN,1973-01-01,5.866667
217,JPN,1973-01-01,1.233333
218,USA,1973-01-01,4.933333
219,CAN,1973-04-01,5.4
220,JPN,1973-04-01,1.366667
221,USA,1973-04-01,4.933333
222,CAN,1973-07-01,5.4
223,JPN,1973-07-01,1.266667
224,USA,1973-07-01,4.8
225,CAN,1973-10-01,5.533333
226,JPN,1973-10-01,1.133333
227,USA,1973-10-01,4.766667
228,CAN,1974-01-01,5.233333
229,JPN,1974-01-01,1.3
230,USA,1974-01-01,5.133333
231,CAN,1974-04-01,5.2
232,JPN,1974-04-01,1.3
233,USA,1974-04-01,5.2
234,CAN,1974-07-01,5.266667
235,JPN,1974-07-01,1.4
236,USA,1974-07-01,5.633333
237,CAN,1974-10-01,5.666667
238,JPN,1974-10-01,1.6
239,USA,1974-10-01,6.6
240,CAN,1975-01-01,6.7
241,JPN,1975-01-01,1.766667
242,USA,1975-01-01,8.266666
243,CAN,1975-04-01,6.833333
244,JPN,1975-04-01,1.8
245,USA,1975-04-01,8.866667
246,CAN,1975-07-01,6.966667
247,JPN,1975-07-01,1.9
248,USA,1975-07-01,8.466666
249,CAN,1975-10-01,7.133333
250,JPN,1975-10-01,2.1
251,USA,1975-10-01,8.3
252,CAN,1976-01-01,6.933333
253,JPN,1976-01-01,2.033333
254,USA,1976-01-01,7.733333
255,CAN,1976-04-01,6.866667
256,JPN,1976-04-01,2.066667
257,USA,1976-04-01,7.566667
258,CAN,1976-07-01,7.166667
259,JPN,1976-07-01,2.0
260,USA,1976-07-01,7.733333
261,CAN,1976-10-01,7.433333
262,JPN,1976-10-01,1.933333
263,USA,1976-10-01,7.766667
264,CAN,1977-01-01,7.766667
265,JPN,1977-01-01,1.966667
266,USA,1977-01-01,7.5
267,CAN,1977-04-01,7.833333
268,JPN,1977-04-01,2.033333
269,USA,1977-04-01,7.133333
270,CAN,1977-07-01,8.2
271,JPN,1977-07-01,2.033333
272,USA,1977-07-01,6.9
273,CAN,1977-10-01,8.466666
274,JPN,1977-10-01,2.0
275,USA,1977-10-01,6.666667
276,CAN,1978-01-01,8.366667
277,JPN,1978-01-01,2.166667
278,USA,1978-01-01,6.333333
279,CAN,1978-04-01,8.466666
280,JPN,1978-04-01,2.266667
281,USA,1978-04-01,6.0
282,CAN,1978-07-01,8.366667
283,JPN,1978-07-01,2.3
284,USA,1978-07-01,6.033333
285,CAN,1978-10-01,8.266666
286,JPN,1978-10-01,2.2
287,USA,1978-10-01,5.9
288,CAN,1979-01-01,8.033334
289,JPN,1979-01-01,2.1
290,USA,1979-01-01,5.866667
291,CAN,1979-04-01,7.666667
292,JPN,1979-04-01,2.033333
293,USA,1979-04-01,5.7
294,CAN,1979-07-01,7.1
295,JPN,1979-07-01,2.133333
296,USA,1979-07-01,5.866667
297,CAN,1979-10-01,7.2
298,JPN,1979-10-01,2.066667
299,USA,1979-10-01,5.966667
300,CAN,1980-01-01,7.566667
301,JPN,1980-01-01,1.9
302,USA,1980-01-01,6.3
303,CAN,1980-04-01,7.733333
304,JPN,1980-04-01,1.966667
305,USA,1980-04-01,7.333333
306,CAN,1980-07-01,7.5
307,JPN,1980-07-01,2.033333
308,USA,1980-07-01,7.666667
309,CAN,1980-10-01,7.266667
310,JPN,1980-10-01,2.166667
311,USA,1980-10-01,7.4
312,CAN,1981-01-01,7.4
313,JPN,1981-01-01,2.2
314,USA,1981-01-01,7.433333
315,CAN,1981-04-01,7.166667
316,JPN,1981-04-01,2.266667
317,USA,1981-04-01,7.4
318,CAN,1981-07-01,7.466667
319,JPN,1981-07-01,2.166667
320,USA,1981-07-01,7.4
321,CAN,1981-10-01,8.433333
322,JPN,1981-10-01,2.2
323,USA,1981-10-01,8.233334
324,CAN,1982-01-01,8.933333
325,JPN,1982-01-01,2.233333
326,USA,1982-01-01,8.833333
327,CAN,1982-04-01,10.4
328,JPN,1982-04-01,2.333333
329,USA,1982-04-01,9.433333
330,CAN,1982-07-01,12.1
331,JPN,1982-07-01,2.366667
332,USA,1982-07-01,9.9
333,CAN,1982-10-01,12.96667
334,JPN,1982-10-01,2.466667
335,USA,1982-10-01,10.66667
336,CAN,1983-01-01,12.63333
337,FRA,1983-01-01,8.1
338,GBR,1983-01-01,10.8
339,ITA,1983-01-01,7.066667
340,JPN,1983-01-01,2.666667
341,USA,1983-01-01,10.36667
342,CAN,1983-04-01,12.4
343,FRA,1983-04-01,8.533334
344,GBR,1983-04-01,10.9
345,ITA,1983-04-01,7.266667
346,JPN,1983-04-01,2.666667
347,USA,1983-04-01,10.13333
348,CAN,1983-07-01,11.66667
349,FRA,1983-07-01,9.0
350,GBR,1983-07-01,10.9
351,ITA,1983-07-01,7.433333
352,JPN,1983-07-01,2.7
353,USA,1983-07-01,9.366667
354,CAN,1983-10-01,11.3
355,FRA,1983-10-01,9.4
356,GBR,1983-10-01,10.8
357,ITA,1983-10-01,7.7
358,JPN,1983-10-01,2.6
359,USA,1983-10-01,8.533334
360,CAN,1984-01-01,11.3
361,FRA,1984-01-01,9.7
362,GBR,1984-01-01,10.8
363,ITA,1984-01-01,7.866667
364,JPN,1984-01-01,2.7
365,USA,1984-01-01,7.866667
366,CAN,1984-04-01,11.5
367,FRA,1984-04-01,9.933333
368,GBR,1984-04-01,10.7
369,ITA,1984-04-01,7.833333
370,JPN,1984-04-01,2.733333
371,USA,1984-04-01,7.433333
372,CAN,1984-07-01,11.43333
373,FRA,1984-07-01,10.2
374,GBR,1984-07-01,10.9
375,ITA,1984-07-01,7.8
376,JPN,1984-07-01,2.733333
377,USA,1984-07-01,7.433333
378,CAN,1984-10-01,11.26667
379,FRA,1984-10-01,10.43333
380,GBR,1984-10-01,11.1
381,ITA,1984-10-01,7.833333
382,JPN,1984-10-01,2.666667
383,USA,1984-10-01,7.3
384,CAN,1985-01-01,10.8
385,FRA,1985-01-01,10.4
386,GBR,1985-01-01,11.2
387,ITA,1985-01-01,8.0
388,JPN,1985-01-01,2.566667
389,USA,1985-01-01,7.233333
390,CAN,1985-04-01,10.7
391,FRA,1985-04-01,10.4
392,GBR,1985-04-01,11.3
393,ITA,1985-04-01,8.033334
394,JPN,1985-04-01,2.566667
395,USA,1985-04-01,7.3
396,CAN,1985-07-01,10.3
397,FRA,1985-07-01,10.4
398,GBR,1985-07-01,11.2
399,ITA,1985-07-01,8.233334
400,JPN,1985-07-01,2.6
401,USA,1985-07-01,7.2
402,CAN,1985-10-01,10.23333
403,FRA,1985-10-01,10.46667
404,GBR,1985-10-01,11.1
405,ITA,1985-10-01,8.4
406,JPN,1985-10-01,2.766667
407,USA,1985-10-01,7.033333
408,CAN,1986-01-01,9.833333
409,FRA,1986-01-01,10.36667
410,GBR,1986-01-01,11.1
411,ITA,1986-01-01,8.566667
412,JPN,1986-01-01,2.666667
413,USA,1986-01-01,7.033333
414,CAN,1986-04-01,9.6
415,FRA,1986-04-01,10.46667
416,GBR,1986-04-01,11.3
417,ITA,1986-04-01,8.766666
418,JPN,1986-04-01,2.766667
419,USA,1986-04-01,7.166667
420,CAN,1986-07-01,9.566667
421,FRA,1986-07-01,10.63333
422,GBR,1986-07-01,11.3
423,ITA,1986-07-01,9.0
424,JPN,1986-07-01,2.833333
425,USA,1986-07-01,6.966667
426,CAN,1986-10-01,9.433333
427,FRA,1986-10-01,10.83333
428,GBR,1986-10-01,11.2
429,ITA,1986-10-01,9.133333
430,JPN,1986-10-01,2.8
431,USA,1986-10-01,6.833333
432,CAN,1987-01-01,9.466666
433,FRA,1987-01-01,10.8
434,GBR,1987-01-01,11.0
435,ITA,1987-01-01,9.266666
436,JPN,1987-01-01,2.933333
437,USA,1987-01-01,6.6
438,CAN,1987-04-01,9.0
439,FRA,1987-04-01,10.66667
440,GBR,1987-04-01,10.6
441,ITA,1987-04-01,9.666667
442,JPN,1987-04-01,3.0
443,USA,1987-04-01,6.266667
444,CAN,1987-07-01,8.566667
445,FRA,1987-07-01,10.56667
446,GBR,1987-07-01,10.1
447,ITA,1987-07-01,9.8
448,JPN,1987-07-01,2.766667
449,USA,1987-07-01,6.0
450,CAN,1987-10-01,8.166667
451,FRA,1987-10-01,10.5
452,GBR,1987-10-01,9.6
453,ITA,1987-10-01,9.733334
454,JPN,1987-10-01,2.7
455,USA,1987-10-01,5.833333
456,CAN,1988-01-01,7.9
457,FRA,1988-01-01,10.26667
458,GBR,1988-01-01,9.1
459,ITA,1988-01-01,9.7
460,JPN,1988-01-01,2.666667
461,USA,1988-01-01,5.7
462,CAN,1988-04-01,7.7
463,FRA,1988-04-01,10.13333
464,GBR,1988-04-01,8.7
465,ITA,1988-04-01,9.633333
466,JPN,1988-04-01,2.466667
467,USA,1988-04-01,5.466667
468,CAN,1988-07-01,7.8
469,FRA,1988-07-01,10.0
470,GBR,1988-07-01,8.3
471,ITA,1988-07-01,9.6
472,JPN,1988-07-01,2.533333
473,USA,1988-07-01,5.466667
474,CAN,1988-10-01,7.7
475,FRA,1988-10-01,9.9
476,GBR,1988-10-01,7.9
477,ITA,1988-10-01,9.8
478,JPN,1988-10-01,2.4
479,USA,1988-10-01,5.333333
480,CAN,1989-01-01,7.533333
481,FRA,1989-01-01,9.733334
482,GBR,1989-01-01,7.5
483,ITA,1989-01-01,9.8
484,JPN,1989-01-01,2.333333
485,USA,1989-01-01,5.2
486,CAN,1989-04-01,7.666667
487,FRA,1989-04-01,9.666667
488,GBR,1989-04-01,7.1
489,ITA,1989-04-01,9.8
490,JPN,1989-04-01,2.3
491,USA,1989-04-01,5.233333
492,CAN,1989-07-01,7.366667
493,FRA,1989-07-01,9.6
494,GBR,1989-07-01,7.0
495,ITA,1989-07-01,9.7
496,JPN,1989-07-01,2.2
497,USA,1989-07-01,5.233333
498,CAN,1989-10-01,7.466667
499,FRA,1989-10-01,9.6
500,GBR,1989-10-01,6.8
501,ITA,1989-10-01,9.366667
502,JPN,1989-10-01,2.166667
503,USA,1989-10-01,5.366667
504,CAN,1990-01-01,7.633333
505,FRA,1990-01-01,9.5
506,GBR,1990-01-01,6.8
507,ITA,1990-01-01,9.0
508,JPN,1990-01-01,2.133333
509,KOR,1990-01-01,2.433333
510,USA,1990-01-01,5.3
511,CAN,1990-04-01,7.666667
512,FRA,1990-04-01,9.4
513,GBR,1990-04-01,6.7
514,ITA,1990-04-01,8.9
515,JPN,1990-04-01,2.133333
516,KOR,1990-04-01,2.3
517,USA,1990-04-01,5.333333
518,CAN,1990-07-01,8.166667
519,FRA,1990-07-01,9.3
520,GBR,1990-07-01,6.8
521,ITA,1990-07-01,8.8
522,JPN,1990-07-01,2.066667
523,KOR,1990-07-01,2.533333
524,USA,1990-07-01,5.7
525,CAN,1990-10-01,9.133333
526,FRA,1990-10-01,9.3
527,GBR,1990-10-01,7.1
528,ITA,1990-10-01,8.733334
529,JPN,1990-10-01,2.066667
530,KOR,1990-10-01,2.566667
531,USA,1990-10-01,6.133333
532,CAN,1991-01-01,10.16667
533,DEU,1991-01-01,5.233333
534,FRA,1991-01-01,9.266666
535,GBR,1991-01-01,7.7
536,ITA,1991-01-01,8.633333
537,JPN,1991-01-01,2.1
538,KOR,1991-01-01,2.5
539,USA,1991-01-01,6.6
540,CAN,1991-04-01,10.33333
541,DEU,1991-04-01,5.333333
542,FRA,1991-04-01,9.433333
543,GBR,1991-04-01,8.5
544,ITA,1991-04-01,8.466666
545,JPN,1991-04-01,2.1
546,KOR,1991-04-01,2.3
547,USA,1991-04-01,6.833333
548,CAN,1991-07-01,10.43333
549,DEU,1991-07-01,5.6
550,FRA,1991-07-01,9.7
551,GBR,1991-07-01,9.0
552,ITA,1991-07-01,8.433333
553,JPN,1991-07-01,2.1
554,KOR,1991-07-01,2.4
555,USA,1991-07-01,6.866667
556,CAN,1991-10-01,10.33333
557,DEU,1991-10-01,5.9
558,FRA,1991-10-01,10.0
559,GBR,1991-10-01,9.1
560,ITA,1991-10-01,8.6
561,JPN,1991-10-01,2.066667
562,KOR,1991-10-01,2.466667
563,USA,1991-10-01,7.1
564,CAN,1992-01-01,10.6
565,DEU,1992-01-01,6.1
566,FRA,1992-01-01,10.26667
567,GBR,1992-01-01,9.3
568,ITA,1992-01-01,8.666667
569,JPN,1992-01-01,2.066667
570,KOR,1992-01-01,2.4
571,USA,1992-01-01,7.366667
572,CAN,1992-04-01,11.0
573,DEU,1992-04-01,6.4
574,FRA,1992-04-01,10.5
575,GBR,1992-04-01,9.8
576,ITA,1992-04-01,8.666667
577,JPN,1992-04-01,2.1
578,KOR,1992-04-01,2.433333
579,USA,1992-04-01,7.6
580,CAN,1992-07-01,11.53333
581,DEU,1992-07-01,6.766667
582,FRA,1992-07-01,10.8
583,GBR,1992-07-01,9.9
584,ITA,1992-07-01,9.0
585,JPN,1992-07-01,2.166667
586,KOR,1992-07-01,2.566667
587,USA,1992-07-01,7.633333
588,CAN,1992-10-01,11.73333
589,DEU,1992-10-01,7.1
590,FRA,1992-10-01,11.0
591,GBR,1992-10-01,10.4
592,ITA,1992-10-01,8.9
593,JPN,1992-10-01,2.266667
594,KOR,1992-10-01,2.6
595,USA,1992-10-01,7.366667
596,CAN,1993-01-01,11.13333
597,DEU,1993-01-01,7.4
598,FRA,1993-01-01,11.3
599,GBR,1993-01-01,10.6
600,ITA,1993-01-01,9.133333
601,JPN,1993-01-01,2.3
602,KOR,1993-01-01,2.833333
603,USA,1993-01-01,7.133333
604,CAN,1993-04-01,11.63333
605,DEU,1993-04-01,7.6
606,FRA,1993-04-01,11.7
607,GBR,1993-04-01,10.4
608,ITA,1993-04-01,9.8
609,JPN,1993-04-01,2.433333
610,KOR,1993-04-01,3.0
611,USA,1993-04-01,7.066667
612,CAN,1993-07-01,11.43333
613,DEU,1993-07-01,7.9
614,FRA,1993-07-01,12.03333
615,GBR,1993-07-01,10.2
616,ITA,1993-07-01,9.966666
617,JPN,1993-07-01,2.533333
618,KOR,1993-07-01,2.9
619,USA,1993-07-01,6.8
620,CAN,1993-10-01,11.3
621,DEU,1993-10-01,8.2
622,FRA,1993-10-01,12.36667
623,GBR,1993-10-01,10.3
624,ITA,1993-10-01,10.43333
625,JPN,1993-10-01,2.733333
626,KOR,1993-10-01,2.833333
627,USA,1993-10-01,6.633333
628,CAN,1994-01-01,11.03333
629,DEU,1994-01-01,8.466666
630,FRA,1994-01-01,12.5
631,GBR,1994-01-01,9.9
632,ITA,1994-01-01,10.43333
633,JPN,1994-01-01,2.866667
634,KOR,1994-01-01,2.7
635,USA,1994-01-01,6.566667
636,CAN,1994-04-01,10.63333
637,DEU,1994-04-01,8.533334
638,FRA,1994-04-01,12.4
639,GBR,1994-04-01,9.7
640,ITA,1994-04-01,10.56667
641,JPN,1994-04-01,2.8
642,KOR,1994-04-01,2.533333
643,USA,1994-04-01,6.2
644,CAN,1994-07-01,10.13333
645,DEU,1994-07-01,8.433333
646,FRA,1994-07-01,12.2
647,GBR,1994-07-01,9.4
648,ITA,1994-07-01,10.4
649,JPN,1994-07-01,2.966667
650,KOR,1994-07-01,2.433333
651,USA,1994-07-01,6.0
652,CAN,1994-10-01,9.766666
653,DEU,1994-10-01,8.266666
654,FRA,1994-10-01,12.0
655,GBR,1994-10-01,9.0
656,ITA,1994-10-01,11.13333
657,JPN,1994-10-01,2.933333
658,KOR,1994-10-01,2.233333
659,USA,1994-10-01,5.633333
660,CAN,1995-01-01,9.633333
661,DEU,1995-01-01,8.133333
662,FRA,1995-01-01,11.8
663,GBR,1995-01-01,8.9
664,ITA,1995-01-01,11.23333
665,JPN,1995-01-01,3.033333
666,KOR,1995-01-01,2.133333
667,USA,1995-01-01,5.466667
668,CAN,1995-04-01,9.5
669,DEU,1995-04-01,8.1
670,FRA,1995-04-01,11.86667
671,GBR,1995-04-01,8.7
672,ITA,1995-04-01,11.1
673,JPN,1995-04-01,3.066667
674,KOR,1995-04-01,2.033333
675,USA,1995-04-01,5.666667
676,CAN,1995-07-01,9.433333
677,DEU,1995-07-01,8.266666
678,FRA,1995-07-01,12.0
679,GBR,1995-07-01,8.6
680,ITA,1995-07-01,11.16667
681,JPN,1995-07-01,3.166667
682,KOR,1995-07-01,2.1
683,USA,1995-07-01,5.666667
684,CAN,1995-10-01,9.3
685,DEU,1995-10-01,8.433333
686,FRA,1995-10-01,12.16667
687,GBR,1995-10-01,8.3
688,ITA,1995-10-01,11.1
689,JPN,1995-10-01,3.333333
690,KOR,1995-10-01,2.033333
691,USA,1995-10-01,5.566667
692,CAN,1996-01-01,9.5
693,DEU,1996-01-01,8.566667
694,FRA,1996-01-01,12.3
695,GBR,1996-01-01,8.2
696,ITA,1996-01-01,11.0
697,JPN,1996-01-01,3.366667
698,KOR,1996-01-01,1.933333
699,USA,1996-01-01,5.533333
700,CAN,1996-04-01,9.433333
701,DEU,1996-04-01,8.766666
702,FRA,1996-04-01,12.36667
703,GBR,1996-04-01,8.3
704,ITA,1996-04-01,11.3
705,JPN,1996-04-01,3.4
706,KOR,1996-04-01,2.033333
707,USA,1996-04-01,5.5
708,CAN,1996-07-01,9.666667
709,DEU,1996-07-01,9.0
710,FRA,1996-07-01,12.43333
711,GBR,1996-07-01,8.1
712,ITA,1996-07-01,11.1
713,JPN,1996-07-01,3.333333
714,KOR,1996-07-01,2.033333
715,USA,1996-07-01,5.266667
716,CAN,1996-10-01,9.833333
717,DEU,1996-10-01,9.3
718,FRA,1996-10-01,12.5
719,GBR,1996-10-01,7.8
720,ITA,1996-10-01,11.2
721,JPN,1996-10-01,3.366667
722,KOR,1996-10-01,2.2
723,USA,1996-10-01,5.333333
724,CAN,1997-01-01,9.433333
725,DEU,1997-01-01,9.533334
726,FRA,1997-01-01,12.5
727,GBR,1997-01-01,7.3
728,ITA,1997-01-01,11.26667
729,JPN,1997-01-01,3.333333
730,KOR,1997-01-01,2.666667
731,USA,1997-01-01,5.233333
732,CAN,1997-04-01,9.3
733,DEU,1997-04-01,9.7
734,FRA,1997-04-01,12.4
735,GBR,1997-04-01,7.2
736,ITA,1997-04-01,11.4
737,JPN,1997-04-01,3.333333
738,KOR,1997-04-01,2.566667
739,USA,1997-04-01,5.0
740,CAN,1997-07-01,8.866667
741,DEU,1997-07-01,9.7
742,FRA,1997-07-01,12.33333
743,GBR,1997-07-01,6.8
744,ITA,1997-07-01,11.0
745,JPN,1997-07-01,3.433333
746,KOR,1997-07-01,2.433333
747,USA,1997-07-01,4.866667
748,CAN,1997-10-01,8.766666
749,DEU,1997-10-01,9.7
750,FRA,1997-10-01,12.16667
751,GBR,1997-10-01,6.5
752,ITA,1997-10-01,11.3
753,JPN,1997-10-01,3.5
754,KOR,1997-10-01,2.8
755,USA,1997-10-01,4.666667
756,CAN,1998-01-01,8.6
757,DEU,1998-01-01,9.666667
758,FRA,1998-01-01,12.03333
759,GBR,1998-01-01,6.4
760,ITA,1998-01-01,11.1
761,JPN,1998-01-01,3.666667
762,KOR,1998-01-01,4.966667
763,USA,1998-01-01,4.633333
764,CAN,1998-04-01,8.333333
765,DEU,1998-04-01,9.5
766,FRA,1998-04-01,12.06667
767,GBR,1998-04-01,6.3
768,ITA,1998-04-01,11.5
769,JPN,1998-04-01,4.066667
770,KOR,1998-04-01,7.033333
771,USA,1998-04-01,4.4
772,CAN,1998-07-01,8.2
773,DEU,1998-07-01,9.3
774,FRA,1998-07-01,12.1
775,GBR,1998-07-01,6.2
776,ITA,1998-07-01,11.3
777,JPN,1998-07-01,4.266667
778,KOR,1998-07-01,8.133333
779,USA,1998-07-01,4.533333
780,CAN,1998-10-01,8.033334
781,DEU,1998-10-01,9.066667
782,FRA,1998-10-01,12.0
783,GBR,1998-10-01,6.1
784,ITA,1998-10-01,11.43333
785,JPN,1998-10-01,4.4
786,KOR,1998-10-01,7.966667
787,USA,1998-10-01,4.433333
788,CAN,1999-01-01,7.9
789,DEU,1999-01-01,8.833333
790,FRA,1999-01-01,11.93333
791,GBR,1999-01-01,6.2
792,ITA,1999-01-01,11.1
793,JPN,1999-01-01,4.6
794,KOR,1999-01-01,7.4
795,USA,1999-01-01,4.3
796,CAN,1999-04-01,7.9
797,DEU,1999-04-01,8.633333
798,FRA,1999-04-01,11.53333
799,GBR,1999-04-01,6.0
800,ITA,1999-04-01,11.06667
801,JPN,1999-04-01,4.733333
802,KOR,1999-04-01,7.033333
803,USA,1999-04-01,4.266667
804,CAN,1999-07-01,7.5
805,DEU,1999-07-01,8.466666
806,FRA,1999-07-01,11.13333
807,GBR,1999-07-01,5.9
808,ITA,1999-07-01,10.93333
809,JPN,1999-07-01,4.7
810,KOR,1999-07-01,6.366667
811,USA,1999-07-01,4.233333
812,CAN,1999-10-01,6.966667
813,DEU,1999-10-01,8.3
814,FRA,1999-10-01,10.66667
815,GBR,1999-10-01,5.8
816,ITA,1999-10-01,10.66667
817,JPN,1999-10-01,4.633333
818,KOR,1999-10-01,5.266667
819,USA,1999-10-01,4.066667
820,CAN,2000-01-01,6.866667
821,DEU,2000-01-01,8.133333
822,FRA,2000-01-01,10.23333
823,GBR,2000-01-01,5.8
824,ITA,2000-01-01,10.56667
825,JPN,2000-01-01,4.833333
826,KOR,2000-01-01,4.766667
827,USA,2000-01-01,4.033333
828,CAN,2000-04-01,6.666667
829,DEU,2000-04-01,8.0
830,FRA,2000-04-01,9.7
831,GBR,2000-04-01,5.5
832,ITA,2000-04-01,10.26667
833,JPN,2000-04-01,4.7
834,KOR,2000-04-01,4.333333
835,USA,2000-04-01,3.933333
836,CAN,2000-07-01,6.9
837,DEU,2000-07-01,7.9
838,FRA,2000-07-01,9.266666
839,GBR,2000-07-01,5.3
840,ITA,2000-07-01,9.966666
841,JPN,2000-07-01,4.666667
842,KOR,2000-07-01,4.233333
843,USA,2000-07-01,4.0
844,CAN,2000-10-01,6.9
845,DEU,2000-10-01,7.766667
846,FRA,2000-10-01,8.9
847,GBR,2000-10-01,5.2
848,ITA,2000-10-01,9.6
849,JPN,2000-10-01,4.733333
850,KOR,2000-10-01,4.2
851,USA,2000-10-01,3.9
852,CAN,2001-01-01,7.0
853,DEU,2001-01-01,7.666667
854,FRA,2001-01-01,8.7
855,GBR,2001-01-01,5.1
856,ITA,2001-01-01,9.366667
857,JPN,2001-01-01,4.766667
858,KOR,2001-01-01,4.533333
859,USA,2001-01-01,4.233333
860,CAN,2001-04-01,7.1
861,DEU,2001-04-01,7.666667
862,FRA,2001-04-01,8.733334
863,GBR,2001-04-01,5.0
864,ITA,2001-04-01,9.133333
865,JPN,2001-04-01,4.9
866,KOR,2001-04-01,3.933333
867,USA,2001-04-01,4.4
868,CAN,2001-07-01,7.166667
869,DEU,2001-07-01,7.833333
870,FRA,2001-07-01,8.8
871,GBR,2001-07-01,5.1
872,ITA,2001-07-01,9.033334
873,JPN,2001-07-01,5.133333
874,KOR,2001-07-01,3.733333
875,USA,2001-07-01,4.833333
876,CAN,2001-10-01,7.633333
877,DEU,2001-10-01,8.033334
878,FRA,2001-10-01,8.8
879,GBR,2001-10-01,5.2
880,ITA,2001-10-01,8.866667
881,JPN,2001-10-01,5.366667
882,KOR,2001-10-01,3.7
883,USA,2001-10-01,5.5
884,CAN,2002-01-01,7.933333
885,DEU,2002-01-01,8.166667
886,FRA,2002-01-01,8.766666
887,GBR,2002-01-01,5.2
888,ITA,2002-01-01,8.533334
889,JPN,2002-01-01,5.266667
890,KOR,2002-01-01,3.466667
891,USA,2002-01-01,5.7
892,CAN,2002-04-01,7.7
893,DEU,2002-04-01,8.4
894,FRA,2002-04-01,8.633333
895,GBR,2002-04-01,5.2
896,ITA,2002-04-01,8.833333
897,JPN,2002-04-01,5.4
898,KOR,2002-04-01,3.266667
899,USA,2002-04-01,5.833333
900,CAN,2002-07-01,7.533333
901,DEU,2002-07-01,8.733334
902,FRA,2002-07-01,8.6
903,GBR,2002-07-01,5.3
904,ITA,2002-07-01,8.6
905,JPN,2002-07-01,5.433333
906,KOR,2002-07-01,3.133333
907,USA,2002-07-01,5.733333
908,CAN,2002-10-01,7.566667
909,DEU,2002-10-01,9.1
910,FRA,2002-10-01,8.566667
911,GBR,2002-10-01,5.1
912,ITA,2002-10-01,8.466666
913,JPN,2002-10-01,5.333333
914,KOR,2002-10-01,3.1
915,USA,2002-10-01,5.866667
916,CAN,2003-01-01,7.466667
917,DEU,2003-01-01,9.5
918,FRA,2003-01-01,8.3
919,GBR,2003-01-01,5.2
920,ITA,2003-01-01,8.733334
921,JPN,2003-01-01,5.333333
922,KOR,2003-01-01,3.266667
923,USA,2003-01-01,5.866667
924,CAN,2003-04-01,7.666667
925,DEU,2003-04-01,9.733334
926,FRA,2003-04-01,8.5
927,GBR,2003-04-01,4.9
928,ITA,2003-04-01,8.466666
929,JPN,2003-04-01,5.433333
930,KOR,2003-04-01,3.533333
931,USA,2003-04-01,6.133333
932,CAN,2003-07-01,7.8
933,DEU,2003-07-01,9.8
934,FRA,2003-07-01,8.466666
935,GBR,2003-07-01,5.0
936,ITA,2003-07-01,8.4
937,JPN,2003-07-01,5.166667
938,KOR,2003-07-01,3.666667
939,USA,2003-07-01,6.133333
940,CAN,2003-10-01,7.433333
941,DEU,2003-10-01,9.8
942,FRA,2003-10-01,8.833333
943,GBR,2003-10-01,4.9
944,ITA,2003-10-01,8.2
945,JPN,2003-10-01,5.033333
946,KOR,2003-10-01,3.8
947,USA,2003-10-01,5.833333
948,CAN,2004-01-01,7.3
949,DEU,2004-01-01,10.06667
950,FRA,2004-01-01,8.9
951,GBR,2004-01-01,4.8
952,ITA,2004-01-01,8.2
953,JPN,2004-01-01,4.9
954,KOR,2004-01-01,3.5
955,USA,2004-01-01,5.7
956,CAN,2004-04-01,7.166667
957,DEU,2004-04-01,10.3
958,FRA,2004-04-01,8.8
959,GBR,2004-04-01,4.8
960,ITA,2004-04-01,8.033334
961,JPN,2004-04-01,4.733333
962,KOR,2004-04-01,3.6
963,USA,2004-04-01,5.6
964,CAN,2004-07-01,7.0
965,DEU,2004-07-01,10.36667
966,FRA,2004-07-01,8.833333
967,GBR,2004-07-01,4.7
968,ITA,2004-07-01,7.833333
969,JPN,2004-07-01,4.766667
970,KOR,2004-07-01,3.733333
971,USA,2004-07-01,5.433333
972,CAN,2004-10-01,7.133333
973,DEU,2004-10-01,10.6
974,FRA,2004-10-01,8.933333
975,GBR,2004-10-01,4.7
976,ITA,2004-10-01,8.0
977,JPN,2004-10-01,4.533333
978,KOR,2004-10-01,3.766667
979,USA,2004-10-01,5.433333
980,CAN,2005-01-01,6.933333
981,DEU,2005-01-01,10.83333
982,FRA,2005-01-01,8.633333
983,GBR,2005-01-01,4.7
984,ITA,2005-01-01,7.9
985,JPN,2005-01-01,4.533333
986,KOR,2005-01-01,3.666667
987,USA,2005-01-01,5.3
988,CAN,2005-04-01,6.833333
989,DEU,2005-04-01,11.2
990,FRA,2005-04-01,8.8
991,GBR,2005-04-01,4.8
992,ITA,2005-04-01,7.766667
993,JPN,2005-04-01,4.433333
994,KOR,2005-04-01,3.733333
995,USA,2005-04-01,5.1
996,CAN,2005-07-01,6.7
997,DEU,2005-07-01,11.16667
998,FRA,2005-07-01,8.966666
999,GBR,2005-07-01,4.7
1000,ITA,2005-07-01,7.666667
1001,JPN,2005-07-01,4.3
1002,KOR,2005-07-01,3.833333
1003,USA,2005-07-01,4.966667
1004,CAN,2005-10-01,6.533333
1005,DEU,2005-10-01,10.86667
1006,FRA,2005-10-01,9.1
1007,GBR,2005-10-01,5.1
1008,ITA,2005-10-01,7.7
1009,JPN,2005-10-01,4.433333
1010,KOR,2005-10-01,3.7
1011,USA,2005-10-01,4.966667
1012,CAN,2006-01-01,6.6
1013,DEU,2006-01-01,10.53333
1014,FRA,2006-01-01,9.166667
1015,GBR,2006-01-01,5.2
1016,ITA,2006-01-01,7.333333
1017,JPN,2006-01-01,4.2
1018,KOR,2006-01-01,3.466667
1019,USA,2006-01-01,4.733333
1020,CAN,2006-04-01,6.333333
1021,DEU,2006-04-01,10.2
1022,FRA,2006-04-01,8.933333
1023,GBR,2006-04-01,5.5
1024,ITA,2006-04-01,6.933333
1025,JPN,2006-04-01,4.133333
1026,KOR,2006-04-01,3.466667
1027,USA,2006-04-01,4.633333
1028,CAN,2006-07-01,6.5
1029,DEU,2006-07-01,9.9
1030,FRA,2006-07-01,8.9
1031,GBR,2006-07-01,5.5
1032,ITA,2006-07-01,6.666667
1033,JPN,2006-07-01,4.1
1034,KOR,2006-07-01,3.5
1035,USA,2006-07-01,4.633333
1036,CAN,2006-10-01,6.366667
1037,DEU,2006-10-01,9.566667
1038,FRA,2006-10-01,8.366667
1039,GBR,2006-10-01,5.5
1040,ITA,2006-10-01,6.533333
1041,JPN,2006-10-01,4.033333
1042,KOR,2006-10-01,3.5
1043,USA,2006-10-01,4.433333
1044,CAN,2007-01-01,6.333333
1045,DEU,2007-01-01,9.066667
1046,FRA,2007-01-01,8.466666
1047,GBR,2007-01-01,5.5
1048,ITA,2007-01-01,6.166667
1049,JPN,2007-01-01,4.0
1050,KOR,2007-01-01,3.2
1051,USA,2007-01-01,4.5
1052,CAN,2007-04-01,6.2
1053,DEU,2007-04-01,8.666667
1054,FRA,2007-04-01,8.1
1055,GBR,2007-04-01,5.4
1056,ITA,2007-04-01,5.966667
1057,JPN,2007-04-01,3.766667
1058,KOR,2007-04-01,3.3
1059,USA,2007-04-01,4.5
1060,CAN,2007-07-01,6.0
1061,DEU,2007-07-01,8.433333
1062,FRA,2007-07-01,8.0
1063,GBR,2007-07-01,5.3
1064,ITA,2007-07-01,6.233333
1065,JPN,2007-07-01,3.733333
1066,KOR,2007-07-01,3.3
1067,USA,2007-07-01,4.666667
1068,CAN,2007-10-01,6.1
1069,DEU,2007-10-01,8.2
1070,FRA,2007-10-01,7.5
1071,GBR,2007-10-01,5.2
1072,ITA,2007-10-01,6.433333
1073,JPN,2007-10-01,3.833333
1074,KOR,2007-10-01,3.266667
1075,USA,2007-10-01,4.8
1076,CAN,2008-01-01,6.133333
1077,DEU,2008-01-01,7.9
1078,FRA,2008-01-01,7.1
1079,GBR,2008-01-01,5.2
1080,ITA,2008-01-01,6.6
1081,JPN,2008-01-01,3.9
1082,KOR,2008-01-01,2.966667
1083,USA,2008-01-01,5.0
1084,CAN,2008-04-01,6.166667
1085,DEU,2008-04-01,7.566667
1086,FRA,2008-04-01,7.333333
1087,GBR,2008-04-01,5.4
1088,ITA,2008-04-01,6.866667
1089,JPN,2008-04-01,3.966667
1090,KOR,2008-04-01,3.133333
1091,USA,2008-04-01,5.333333
1092,CAN,2008-07-01,6.233333
1093,DEU,2008-07-01,7.133333
1094,FRA,2008-07-01,7.5
1095,GBR,2008-07-01,5.9
1096,ITA,2008-07-01,6.733333
1097,JPN,2008-07-01,4.0
1098,KOR,2008-07-01,3.233333
1099,USA,2008-07-01,6.0
1100,CAN,2008-10-01,6.7
1101,DEU,2008-10-01,7.0
1102,FRA,2008-10-01,7.8
1103,GBR,2008-10-01,6.4
1104,ITA,2008-10-01,6.966667
1105,JPN,2008-10-01,4.066667
1106,KOR,2008-10-01,3.366667
1107,USA,2008-10-01,6.866667
1108,CAN,2009-01-01,8.0
1109,DEU,2009-01-01,7.133333
1110,FRA,2009-01-01,8.6
1111,GBR,2009-01-01,7.1
1112,ITA,2009-01-01,7.466667
1113,JPN,2009-01-01,4.566667
1114,KOR,2009-01-01,3.4
1115,USA,2009-01-01,8.266666
1116,CAN,2009-04-01,8.633333
1117,DEU,2009-04-01,7.333333
1118,FRA,2009-04-01,9.166667
1119,GBR,2009-04-01,7.8
1120,ITA,2009-04-01,7.6
1121,JPN,2009-04-01,5.1
1122,KOR,2009-04-01,3.833333
1123,USA,2009-04-01,9.3
1124,CAN,2009-07-01,8.666667
1125,DEU,2009-07-01,7.366667
1126,FRA,2009-07-01,9.2
1127,GBR,2009-07-01,7.8
1128,ITA,2009-07-01,8.033334
1129,JPN,2009-07-01,5.433333
1130,KOR,2009-07-01,3.766667
1131,USA,2009-07-01,9.633333
1132,CAN,2009-10-01,8.6
1133,DEU,2009-10-01,7.133333
1134,FRA,2009-10-01,9.533334
1135,GBR,2009-10-01,7.8
1136,ITA,2009-10-01,8.4
1137,JPN,2009-10-01,5.2
1138,KOR,2009-10-01,3.633333
1139,USA,2009-10-01,9.933333
1140,CAN,2010-01-01,8.366667
1141,DEU,2010-01-01,6.966667
1142,FRA,2010-01-01,9.4
1143,GBR,2010-01-01,8.0
1144,ITA,2010-01-01,8.633333
1145,JPN,2010-01-01,5.033333
1146,KOR,2010-01-01,4.1
1147,USA,2010-01-01,9.833333
1148,CAN,2010-04-01,8.133333
1149,DEU,2010-04-01,6.666667
1150,FRA,2010-04-01,9.266666
1151,GBR,2010-04-01,7.9
1152,ITA,2010-04-01,8.633333
1153,JPN,2010-04-01,5.133333
1154,KOR,2010-04-01,3.433333
1155,USA,2010-04-01,9.633333
1156,CAN,2010-07-01,8.2
1157,DEU,2010-07-01,6.366667
1158,FRA,2010-07-01,9.2
1159,GBR,2010-07-01,7.8
1160,ITA,2010-07-01,8.366667
1161,JPN,2010-07-01,5.066667
1162,KOR,2010-07-01,3.7
1163,USA,2010-07-01,9.466666
1164,CAN,2010-10-01,7.933333
1165,DEU,2010-10-01,6.2
1166,FRA,2010-10-01,9.2
1167,GBR,2010-10-01,7.9
1168,ITA,2010-10-01,8.4
1169,JPN,2010-10-01,5.0
1170,KOR,2010-10-01,3.566667
1171,USA,2010-10-01,9.5
1172,CAN,2011-01-01,7.8
1173,DEU,2011-01-01,5.866667
1174,FRA,2011-01-01,9.166667
1175,GBR,2011-01-01,7.8
1176,ITA,2011-01-01,8.133333
1177,JPN,2011-01-01,4.733333
1178,KOR,2011-01-01,3.666667
1179,USA,2011-01-01,9.033334
1180,CAN,2011-04-01,7.733333
1181,DEU,2011-04-01,5.566667
1182,FRA,2011-04-01,9.133333
1183,GBR,2011-04-01,7.9
1184,ITA,2011-04-01,8.166667
1185,JPN,2011-04-01,4.666667
1186,KOR,2011-04-01,3.333333
1187,USA,2011-04-01,9.066667
1188,CAN,2011-07-01,7.433333
1189,DEU,2011-07-01,5.433333
1190,FRA,2011-07-01,9.2
1191,GBR,2011-07-01,8.3
1192,ITA,2011-07-01,8.633333
1193,JPN,2011-07-01,4.466667
1194,KOR,2011-07-01,3.3
1195,USA,2011-07-01,9.0
1196,CAN,2011-10-01,7.533333
1197,DEU,2011-10-01,5.233333
1198,FRA,2011-10-01,9.366667
1199,GBR,2011-10-01,8.4
1200,ITA,2011-10-01,9.366667
1201,JPN,2011-10-01,4.466667
1202,KOR,2011-10-01,3.233333
1203,USA,2011-10-01,8.633333
1204,CAN,2012-01-01,7.566667
1205,DEU,2012-01-01,5.1
1206,FRA,2012-01-01,9.5
1207,GBR,2012-01-01,8.2
1208,ITA,2012-01-01,10.2
1209,JPN,2012-01-01,4.5
1210,KOR,2012-01-01,3.3
1211,USA,2012-01-01,8.266666
1212,CAN,2012-04-01,7.466667
1213,DEU,2012-04-01,5.1
1214,FRA,2012-04-01,9.666667
1215,GBR,2012-04-01,8.0
1216,ITA,2012-04-01,10.73333
1217,JPN,2012-04-01,4.4
1218,KOR,2012-04-01,3.2
1219,USA,2012-04-01,8.2
1220,CAN,2012-07-01,7.366667
1221,DEU,2012-07-01,5.033333
1222,FRA,2012-07-01,9.733334
1223,GBR,2012-07-01,7.8
1224,ITA,2012-07-01,11.03333
1225,JPN,2012-07-01,4.233333
1226,KOR,2012-07-01,3.166667
1227,USA,2012-07-01,8.033334
1228,CAN,2012-10-01,7.366667
1229,DEU,2012-10-01,5.0
1230,FRA,2012-10-01,10.16667
1231,GBR,2012-10-01,7.8
1232,ITA,2012-10-01,11.6
1233,JPN,2012-10-01,4.166667
1234,KOR,2012-10-01,3.133333
1235,USA,2012-10-01,7.8
1236,CAN,2013-01-01,7.166667
1237,DEU,2013-01-01,5.066667
1238,FRA,2013-01-01,10.4
1239,GBR,2013-01-01,7.8
1240,ITA,2013-01-01,12.1
1241,JPN,2013-01-01,4.2
1242,KOR,2013-01-01,3.133333
1243,USA,2013-01-01,7.733333
1244,CAN,2013-04-01,7.166667
1245,DEU,2013-04-01,4.966667
1246,FRA,2013-04-01,10.43333
1247,GBR,2013-04-01,7.7
1248,ITA,2013-04-01,12.33333
1249,JPN,2013-04-01,4.033333
1250,KOR,2013-04-01,3.033333
1251,USA,2013-04-01,7.533333
1252,CAN,2013-07-01,7.233333
1253,DEU,2013-07-01,4.9
1254,FRA,2013-07-01,10.23333
1255,GBR,2013-07-01,7.6
1256,ITA,2013-07-01,12.43333
1257,JPN,2013-07-01,3.933333
1258,KOR,2013-07-01,3.133333
1259,USA,2013-07-01,7.233333
1260,CAN,2013-10-01,7.266667
1261,DEU,2013-10-01,4.833333
1262,FRA,2013-10-01,10.16667
1263,GBR,2013-10-01,7.2
1264,ITA,2013-10-01,12.6
1265,JPN,2013-10-01,3.866667
1266,KOR,2013-10-01,3.133333
1267,USA,2013-10-01,6.933333
1268,CAN,2014-01-01,7.233333
1269,DEU,2014-01-01,4.8
1270,FRA,2014-01-01,10.2
1271,GBR,2014-01-01,6.7
1272,ITA,2014-01-01,12.9
1273,JPN,2014-01-01,3.666667
1274,KOR,2014-01-01,3.366667
1275,USA,2014-01-01,6.666667
1276,CAN,2014-04-01,7.2
1277,DEU,2014-04-01,4.733333
1278,FRA,2014-04-01,10.13333
1279,GBR,2014-04-01,6.3
1280,ITA,2014-04-01,12.56667
1281,JPN,2014-04-01,3.633333
1282,KOR,2014-04-01,3.533333
1283,USA,2014-04-01,6.2
1284,CAN,2014-07-01,7.033333
1285,DEU,2014-07-01,4.7
1286,FRA,2014-07-01,10.26667
1287,GBR,2014-07-01,6.0
1288,ITA,2014-07-01,12.76667
1289,JPN,2014-07-01,3.566667
1290,KOR,2014-07-01,3.533333
1291,USA,2014-07-01,6.066667
1292,CAN,2014-10-01,6.766667
1293,DEU,2014-10-01,4.633333
1294,FRA,2014-10-01,10.46667
1295,GBR,2014-10-01,5.7
1296,ITA,2014-10-01,12.9
1297,JPN,2014-10-01,3.466667
1298,KOR,2014-10-01,3.566667
1299,USA,2014-10-01,5.7
1300,CAN,2015-01-01,6.866667
1301,DEU,2015-01-01,4.5
1302,FRA,2015-01-01,10.36667
1303,GBR,2015-01-01,5.5
1304,ITA,2015-01-01,12.46667
1305,JPN,2015-01-01,3.5
1306,KOR,2015-01-01,3.533333
1307,USA,2015-01-01,5.533333
1308,CAN,2015-04-01,6.933333
1309,DEU,2015-04-01,4.4
1310,FRA,2015-04-01,10.43333
1311,GBR,2015-04-01,5.6
1312,ITA,2015-04-01,12.3
1313,JPN,2015-04-01,3.366667
1314,KOR,2015-04-01,3.7
1315,USA,2015-04-01,5.433333
1316,CAN,2015-07-01,7.066667
1317,DEU,2015-07-01,4.3
1318,FRA,2015-07-01,10.3
1319,GBR,2015-07-01,5.3
1320,ITA,2015-07-01,11.63333
1321,JPN,2015-07-01,3.366667
1322,KOR,2015-07-01,3.633333
1323,USA,2015-07-01,5.1
1324,CAN,2015-10-01,7.133333
1325,DEU,2015-10-01,4.233333
1326,FRA,2015-10-01,10.26667
1327,GBR,2015-10-01,5.1
1328,ITA,2015-10-01,11.66667
1329,JPN,2015-10-01,3.266667
1330,KOR,2015-10-01,3.533333
1331,USA,2015-10-01,5.033333
1332,CAN,2016-01-01,7.233333
1333,DEU,2016-01-01,4.133333
1334,FRA,2016-01-01,10.3
1335,GBR,2016-01-01,5.1
1336,ITA,2016-01-01,11.63333
1337,JPN,2016-01-01,3.233333
1338,KOR,2016-01-01,3.733333
1339,USA,2016-01-01,4.9
1340,CAN,2016-04-01,7.133333
1341,DEU,2016-04-01,4.0
1342,FRA,2016-04-01,10.03333
1343,GBR,2016-04-01,4.9
1344,ITA,2016-04-01,11.7
1345,JPN,2016-04-01,3.166667
1346,KOR,2016-04-01,3.566667
1347,USA,2016-04-01,4.933333
1348,CAN,2016-07-01,6.966667
1349,DEU,2016-07-01,3.866667
1350,FRA,2016-07-01,9.866667
1351,GBR,2016-07-01,4.8
1352,ITA,2016-07-01,11.7
1353,JPN,2016-07-01,3.033333
1354,KOR,2016-07-01,3.866667
1355,USA,2016-07-01,4.9
1356,CAN,2016-10-01,6.866667
1357,DEU,2016-10-01,3.733333
1358,FRA,2016-10-01,10.06667
1359,GBR,2016-10-01,4.7
1360,ITA,2016-10-01,11.83333
1361,JPN,2016-10-01,3.0
1362,KOR,2016-10-01,3.6
1363,USA,2016-10-01,4.766667
1364,CAN,2017-01-01,6.733333
1365,DEU,2017-01-01,3.7
1366,FRA,2017-01-01,9.633333
1367,GBR,2017-01-01,4.6
1368,ITA,2017-01-01,11.6
1369,JPN,2017-01-01,2.9
1370,KOR,2017-01-01,3.7
1371,USA,2017-01-01,4.566667
1372,CAN,2017-04-01,6.533333
1373,DEU,2017-04-01,3.6
1374,FRA,2017-04-01,9.5
1375,GBR,2017-04-01,4.4
1376,ITA,2017-04-01,11.3
1377,JPN,2017-04-01,2.866667
1378,KOR,2017-04-01,3.666667
1379,USA,2017-04-01,4.366667
1380,CAN,2017-07-01,6.233333
1381,DEU,2017-07-01,3.5
1382,FRA,2017-07-01,9.466666
1383,GBR,2017-07-01,4.3
1384,ITA,2017-07-01,11.3
1385,JPN,2017-07-01,2.8
1386,KOR,2017-07-01,3.733333
1387,USA,2017-07-01,4.333333
1388,CAN,2017-10-01,6.166667
1389,DEU,2017-10-01,3.433333
1390,FRA,2017-10-01,9.033334
1391,GBR,2017-10-01,4.4
1392,ITA,2017-10-01,11.0
1393,JPN,2017-10-01,2.7
1394,KOR,2017-10-01,3.633333
1395,USA,2017-10-01,4.166667
1396,CAN,2018-01-01,5.9
1397,DEU,2018-01-01,3.3
1398,FRA,2018-01-01,9.266666
1399,GBR,2018-01-01,4.2
1400,ITA,2018-01-01,10.9
1401,JPN,2018-01-01,2.466667
1402,KOR,2018-01-01,3.7
1403,USA,2018-01-01,4.033333
1404,CAN,2018-04-01,5.9
1405,DEU,2018-04-01,3.233333
1406,FRA,2018-04-01,9.1
1407,GBR,2018-04-01,4.0
1408,ITA,2018-04-01,10.76667
1409,JPN,2018-04-01,2.366667
1410,KOR,2018-04-01,3.733333
1411,USA,2018-04-01,3.933333
1412,CAN,2018-07-01,5.9
1413,DEU,2018-07-01,3.2
1414,FRA,2018-07-01,8.933333
1415,GBR,2018-07-01,4.1
1416,ITA,2018-07-01,10.23333
1417,JPN,2018-07-01,2.433333
1418,KOR,2018-07-01,4.166667
1419,USA,2018-07-01,3.766667
1420,CAN,2018-10-01,5.633333
1421,DEU,2018-10-01,3.1
1422,FRA,2018-10-01,8.8
1423,GBR,2018-10-01,4.0
1424,ITA,2018-10-01,10.5
1425,JPN,2018-10-01,2.466667
1426,KOR,2018-10-01,3.8
1427,USA,2018-10-01,3.833333
1428,CAN,2019-01-01,5.766667
1429,DEU,2019-01-01,3.033333
1430,FRA,2019-01-01,8.733334
1431,GBR,2019-01-01,3.8
1432,ITA,2019-01-01,10.4
1433,JPN,2019-01-01,2.466667
1434,KOR,2019-01-01,3.866667
1435,USA,2019-01-01,3.866667
1436,CAN,2019-04-01,5.6
1437,DEU,2019-04-01,2.933333
1438,FRA,2019-04-01,8.466666
1439,GBR,2019-04-01,3.9
1440,ITA,2019-04-01,9.966666
1441,JPN,2019-04-01,2.333333
1442,KOR,2019-04-01,3.933333
1443,USA,2019-04-01,3.633333
1444,CAN,2019-07-01,5.666667
1445,DEU,2019-07-01,2.9
1446,FRA,2019-07-01,8.3
1447,GBR,2019-07-01,3.9
1448,ITA,2019-07-01,9.566667
1449,JPN,2019-07-01,2.333333
1450,KOR,2019-07-01,3.733333
1451,USA,2019-07-01,3.6
1452,CAN,2019-10-01,5.7
1453,DEU,2019-10-01,3.066667
1454,FRA,2019-10-01,8.2
1455,GBR,2019-10-01,3.7
1456,ITA,2019-10-01,9.7
1457,JPN,2019-10-01,2.3
1458,KOR,2019-10-01,3.533333
1459,USA,2019-10-01,3.6
1460,CAN,2020-01-01,6.6
1461,DEU,2020-01-01,3.3
1462,FRA,2020-01-01,7.866667
1463,GBR,2020-01-01,4.1
1464,ITA,2020-01-01,8.966666
1465,JPN,2020-01-01,2.433333
1466,KOR,2020-01-01,3.566667
1467,USA,2020-01-01,3.833333
1468,CAN,2020-04-01,13.5
1469,DEU,2020-04-01,3.6
1470,FRA,2020-04-01,7.266667
1471,GBR,2020-04-01,4.1
1472,ITA,2020-04-01,8.566667
1473,JPN,2020-04-01,2.733333
1474,KOR,2020-04-01,4.133333
1475,USA,2020-04-01,13.0
1476,CAN,2020-07-01,10.03333
1477,DEU,2020-07-01,3.866667
1478,FRA,2020-07-01,8.866667
1479,GBR,2020-07-01,5.0
1480,ITA,2020-07-01,10.16667
1481,JPN,2020-07-01,2.966667
1482,KOR,2020-07-01,4.0
1483,USA,2020-07-01,8.8
1484,CAN,2020-10-01,8.833333
1485,DEU,2020-10-01,3.9
1486,FRA,2020-10-01,8.1
1487,GBR,2020-10-01,5.3
1488,ITA,2020-10-01,9.733334
1489,JPN,2020-10-01,3.066667
1490,KOR,2020-10-01,4.166667
1491,USA,2020-10-01,6.766667
1492,CAN,2021-01-01,8.466666
1493,DEU,2021-01-01,3.9
1494,FRA,2021-01-01,8.166667
1495,GBR,2021-01-01,4.9
1496,ITA,2021-01-01,10.13333
1497,JPN,2021-01-01,2.866667
1498,KOR,2021-01-01,4.233333
1499,USA,2021-01-01,6.233333
1500,CAN,2021-04-01,8.133333
1501,DEU,2021-04-01,3.733333
1502,FRA,2021-04-01,8.033334
1503,GBR,2021-04-01,4.7
1504,ITA,2021-04-01,9.833333
1505,JPN,2021-04-01,2.9
1506,KOR,2021-04-01,3.766667
1507,USA,2021-04-01,5.933333
1508,CAN,2021-07-01,7.166667
1509,DEU,2021-07-01,3.433333
1510,FRA,2021-07-01,7.833333
1511,GBR,2021-07-01,4.4
1512,ITA,2021-07-01,9.1
1513,JPN,2021-07-01,2.766667
1514,KOR,2021-07-01,3.2
1515,USA,2021-07-01,5.066667
1516,CAN,2021-10-01,6.166667
1517,DEU,2021-10-01,3.266667
1518,FRA,2021-10-01,7.466667
1519,GBR,2021-10-01,4.2
1520,ITA,2021-10-01,8.966666
1521,JPN,2021-10-01,2.733333
1522,KOR,2021-10-01,3.266667
1523,USA,2021-10-01,4.2
1524,CAN,2022-01-01,5.766667
1525,DEU,2022-01-01,3.133333
1526,FRA,2022-01-01,7.333333
1527,GBR,2022-01-01,3.8
1528,ITA,2022-01-01,8.433333
1529,JPN,2022-01-01,2.7
1530,KOR,2022-01-01,2.966667
1531,USA,2022-01-01,3.833333
1532,CAN,2022-04-01,5.166667
1533,DEU,2022-04-01,3.0
1534,FRA,2022-04-01,7.466667
1535,GBR,2022-04-01,3.8
1536,ITA,2022-04-01,8.133333
1537,JPN,2022-04-01,2.6
1538,KOR,2022-04-01,2.866667
1539,USA,2022-04-01,3.633333
1540,CAN,2022-07-01,5.033333
1541,DEU,2022-07-01,3.033333
1542,FRA,2022-07-01,7.2
1543,GBR,2022-07-01,3.7
1544,ITA,2022-07-01,8.066667
1545,JPN,2022-07-01,2.533333
1546,KOR,2022-07-01,2.8
1547,USA,2022-07-01,3.533333
1548,CAN,2022-10-01,5.033333
1549,DEU,2022-10-01,3.066667
1550,FRA,2022-10-01,7.2
1551,GBR,2022-10-01,3.9
1552,ITA,2022-10-01,7.866667
1553,JPN,2022-10-01,2.533333
1554,KOR,2022-10-01,2.866667
1555,USA,2022-10-01,3.566667
1556,CAN,2023-01-01,5.066667
1557,DEU,2023-01-01,2.933333
1558,FRA,2023-01-01,7.1
1559,GBR,2023-01-01,4.0
1560,ITA,2023-01-01,7.866667
1561,JPN,2023-01-01,2.6
1562,KOR,2023-01-01,2.7
1563,USA,2023-01-01,3.533333
1564,CAN,2023-04-01,5.233333
1565,DEU,2023-04-01,2.933333
1566,FRA,2023-04-01,7.3
1567,GBR,2023-04-01,4.2
1568,ITA,2023-04-01,7.7
1569,JPN,2023-04-01,2.533333
1570,KOR,2023-04-01,2.566667
1571,USA,2023-04-01,3.533333
1572,CAN,2023-07-01,5.5
1573,DEU,2023-07-01,3.033333
1574,FRA,2023-07-01,7.4
1575,GBR,2023-07-01,4.1
1576,ITA,2023-07-01,7.7
1577,JPN,2023-07-01,2.6
1578,KOR,2023-07-01,2.666667
1579,USA,2023-07-01,3.666667
1580,CAN,2023-10-01,5.733333
1581,DEU,2023-10-01,3.133333
1582,FRA,2023-10-01,7.566667
1583,GBR,2023-10-01,3.9
1584,ITA,2023-10-01,7.466667
1585,JPN,2023-10-01,2.566667
1586,KOR,2023-10-01,2.833333
1587,USA,2023-10-01,3.8
1588,CAN,2024-01-01,5.9
1589,DEU,2024-01-01,3.266667
1590,FRA,2024-01-01,7.466667
1591,GBR,2024-01-01,4.3
1592,ITA,2024-01-01,7.133333
1593,JPN,2024-01-01,2.566667
1594,KOR,2024-01-01,2.8
1595,USA,2024-01-01,3.833333
1596,CAN,2024-04-01,6.3
1597,DEU,2024-04-01,3.433333
1598,FRA,2024-04-01,7.366667
1599,GBR,2024-04-01,4.2
1600,ITA,2024-04-01,6.733333
1601,JPN,2024-04-01,2.566667
1602,KOR,2024-04-01,2.8
1603,USA,2024-04-01,4.0
1604,CAN,2024-07-01,6.566667
1605,DEU,2024-07-01,3.5
1606,FRA,2024-07-01,7.4
1607,GBR,2024-07-01,4.3
1608,ITA,2024-07-01,6.266667
1609,JPN,2024-07-01,2.5
1610,KOR,2024-07-01,2.533333
1611,USA,2024-07-01,4.166667
1612,CAN,2024-10-01,6.733333
1613,DEU,2024-10-01,3.433333
1614,FRA,2024-10-01,7.333333
1615,GBR,2024-10-01,4.4
1616,ITA,2024-10-01,6.1
1617,JPN,2024-10-01,2.5
1618,KOR,2024-10-01,3.033333
1619,USA,2024-10-01,4.133333
