country,date,UNEMP_rate,GDP_growth
CAN,1955-01-01,4.8,
JPN,1955-01-01,2.466667,
USA,1955-01-01,4.733333,2.85659611
CAN,1955-04-01,4.433333,
GBR,1955-04-01,,0.028171938
JPN,1955-04-01,2.5,
USA,1955-04-01,4.4,1.627544984
CAN,1955-07-01,4.066667,
GBR,1955-07-01,,1.977409505
JPN,1955-07-01,2.6,
USA,1955-07-01,4.1,1.35082136
CAN,1955-10-01,3.833333,
GBR,1955-10-01,,-0.566166638
JPN,1955-10-01,2.5,
USA,1955-10-01,4.233333,0.600666135
CAN,1956-01-01,3.7,
GBR,1956-01-01,,1.11831478
JPN,1956-01-01,2.6,
USA,1956-01-01,4.033333,-0.388042688
CAN,1956-04-01,3.366667,
GBR,1956-04-01,,-0.103366271
JPN,1956-04-01,2.3,
USA,1956-04-01,4.2,0.826576162
CAN,1956-07-01,3.033333,
GBR,1956-07-01,,-0.12301013
JPN,1956-07-01,2.133333,
USA,1956-07-01,4.133333,-0.089703387
CAN,1956-10-01,3.1,
GBR,1956-10-01,,0.594073752
JPN,1956-10-01,2.166667,
USA,1956-10-01,4.133333,1.645911297
CAN,1957-01-01,3.933333,
GBR,1957-01-01,,1.868923299
JPN,1957-01-01,2.033333,
USA,1957-01-01,3.933333,0.640267872
CAN,1957-04-01,4.133333,
GBR,1957-04-01,,-0.028279543
JPN,1957-04-01,1.9,
USA,1957-04-01,4.1,-0.219140239
CAN,1957-07-01,4.933333,
GBR,1957-07-01,,-0.620204377
JPN,1957-07-01,1.866667,
USA,1957-07-01,4.233333,0.979921833
CAN,1957-10-01,6.0,
GBR,1957-10-01,,0.285352385
JPN,1957-10-01,1.9,
USA,1957-10-01,4.933333,-1.034538359
CAN,1958-01-01,6.666667,
GBR,1958-01-01,,2.20110836
JPN,1958-01-01,1.933333,
USA,1958-01-01,6.3,-2.59590361
CAN,1958-04-01,7.266667,
GBR,1958-04-01,,-2.508487756
JPN,1958-04-01,2.066667,
USA,1958-04-01,7.366667,0.656898848
CAN,1958-07-01,7.366667,
GBR,1958-07-01,,2.200572576
JPN,1958-07-01,2.166667,
USA,1958-07-01,7.333333,2.313111068
CAN,1958-10-01,7.233333,
GBR,1958-10-01,,0.305906291
JPN,1958-10-01,2.1,
USA,1958-10-01,6.366667,2.338230005
CAN,1959-01-01,6.233333,
GBR,1959-01-01,,0.598136814
JPN,1959-01-01,2.433333,
USA,1959-01-01,5.833333,1.918406388
CAN,1959-04-01,5.9,
GBR,1959-04-01,,1.613861113
JPN,1959-04-01,2.233333,
USA,1959-04-01,5.1,2.253433564
CAN,1959-07-01,5.6,
GBR,1959-07-01,,2.127153488
JPN,1959-07-01,2.2,
USA,1959-07-01,5.266667,0.069726727
CAN,1959-10-01,5.766667,
GBR,1959-10-01,,2.540675428
JPN,1959-10-01,1.966667,
USA,1959-10-01,5.6,0.284980687
CAN,1960-01-01,6.333333,
GBR,1960-01-01,,2.496544295
JPN,1960-01-01,1.766667,
USA,1960-01-01,5.133333,2.248627259
CAN,1960-04-01,6.9,
DEU,1960-04-01,,1.779654153
FRA,1960-04-01,,0.375710027
GBR,1960-04-01,,-0.71609472
ITA,1960-04-01,,1.467602899
JPN,1960-04-01,1.666667,0.18434399
KOR,1960-04-01,,4.625436581
USA,1960-04-01,5.233333,-0.538357281
CAN,1960-07-01,7.4,
DEU,1960-07-01,,3.456686475
FRA,1960-07-01,,0.748560969
GBR,1960-07-01,,1.488434975
ITA,1960-07-01,,1.468634793
JPN,1960-07-01,1.566667,3.43451683
KOR,1960-07-01,,-1.137286759
USA,1960-07-01,5.533333,0.48993124
CAN,1960-10-01,7.566667,
DEU,1960-10-01,,1.022068212
FRA,1960-10-01,,1.185217727
GBR,1960-10-01,,0.623338758
ITA,1960-10-01,,0.076755078
JPN,1960-10-01,1.466667,3.843474641
KOR,1960-10-01,,0.584172145
USA,1960-10-01,6.266667,-1.283131151
CAN,1961-01-01,7.633333,
DEU,1961-01-01,,1.011727665
FRA,1961-01-01,,1.608373557
GBR,1961-01-01,,1.616760858
ITA,1961-01-01,,3.582778288
JPN,1961-01-01,1.433333,3.03976225
KOR,1961-01-01,,3.159184611
USA,1961-01-01,6.8,0.675017967
CAN,1961-04-01,7.533333,2.532129049
DEU,1961-04-01,,-0.539334482
FRA,1961-04-01,,1.600329267
GBR,1961-04-01,,0.410511049
ITA,1961-04-01,,2.115493108
JPN,1961-04-01,1.466667,2.131381825
KOR,1961-04-01,,4.325769012
USA,1961-04-01,7.0,1.697854683
CAN,1961-07-01,6.966667,2.433416055
DEU,1961-07-01,,2.052513111
FRA,1961-07-01,,1.59221853
GBR,1961-07-01,,-0.500024481
ITA,1961-07-01,,2.330642273
JPN,1961-07-01,1.433333,1.918908589
KOR,1961-07-01,,-1.801598785
USA,1961-07-01,6.766667,1.920365796
CAN,1961-10-01,6.2,1.360480145
DEU,1961-10-01,,0.455604549
FRA,1961-10-01,,1.699021949
GBR,1961-10-01,,-0.179609411
ITA,1961-10-01,,1.913144697
JPN,1961-10-01,1.433333,4.587967502
KOR,1961-10-01,,1.288725165
USA,1961-10-01,6.2,1.96166961
CAN,1962-01-01,6.066667,2.660950188
DEU,1962-01-01,,1.47335232
FRA,1962-01-01,,1.800279466
GBR,1962-01-01,,0.437507317
ITA,1962-01-01,,1.479934673
JPN,1962-01-01,1.3,1.342397804
KOR,1962-01-01,,1.96632563
USA,1962-01-01,5.633333,1.783663196
CAN,1962-04-01,5.733333,0.794766259
DEU,1962-04-01,,1.042343972
FRA,1962-04-01,,1.615682117
GBR,1962-04-01,,0.939304142
ITA,1962-04-01,,1.076640815
JPN,1962-04-01,1.3,1.398081898
KOR,1962-04-01,,-1.913204149
USA,1962-04-01,5.533333,0.904754391
CAN,1962-07-01,5.8,1.278910818
DEU,1962-07-01,,2.395209581
FRA,1962-07-01,,1.439785328
GBR,1962-07-01,,0.592010892
ITA,1962-07-01,,0.600370464
JPN,1962-07-01,1.233333,1.221843407
KOR,1962-07-01,,3.019970194
USA,1962-07-01,5.566667,1.229566665
CAN,1962-10-01,5.866667,1.962242774
DEU,1962-10-01,,-0.216173587
FRA,1962-10-01,,1.251796955
GBR,1962-10-01,,-0.339581143
ITA,1962-10-01,,1.501587062
JPN,1962-10-01,1.333333,2.089625056
KOR,1962-10-01,,3.00898065
USA,1962-10-01,5.533333,0.329401872
CAN,1963-01-01,5.866667,0.63408554
DEU,1963-01-01,,-3.498025877
FRA,1963-01-01,,-1.665799419
GBR,1963-01-01,,0.458965902
ITA,1963-01-01,,0.663827765
JPN,1963-01-01,1.4,1.366700433
KOR,1963-01-01,,5.697240697
USA,1963-01-01,5.766667,1.092090426
CAN,1963-04-01,5.633333,1.454368266
DEU,1963-04-01,,4.484411506
FRA,1963-04-01,,4.465475469
GBR,1963-04-01,,4.324262341
ITA,1963-04-01,,2.741399476
JPN,1963-04-01,1.2,2.943448429
KOR,1963-04-01,,-2.460697924
USA,1963-04-01,5.733333,1.122414332
CAN,1963-07-01,5.333333,0.759938107
DEU,1963-07-01,,3.469247781
FRA,1963-07-01,,3.298802433
GBR,1963-07-01,,0.438510222
ITA,1963-07-01,,1.641304821
JPN,1963-07-01,1.2,2.932389591
KOR,1963-07-01,,3.444705985
USA,1963-07-01,5.5,2.198830992
CAN,1963-10-01,5.1,3.129534749
DEU,1963-10-01,,0.483965882
FRA,1963-10-01,,0.311286644
GBR,1963-10-01,,2.269952078
ITA,1963-10-01,,1.028412174
JPN,1963-10-01,1.233333,3.445524369
KOR,1963-10-01,,0.183302607
USA,1963-10-01,5.566667,0.655904746
CAN,1964-01-01,4.866667,2.503381101
DEU,1964-01-01,,1.375907483
FRA,1964-01-01,,1.882604425
GBR,1964-01-01,,0.663448921
ITA,1964-01-01,,1.482283155
JPN,1964-01-01,1.233333,3.189414254
KOR,1964-01-01,,5.754003722
USA,1964-01-01,5.466667,2.108713585
CAN,1964-04-01,4.766667,0.37449939
DEU,1964-04-01,,1.221775492
FRA,1964-04-01,,0.958920529
GBR,1964-04-01,,1.869247769
ITA,1964-04-01,,-1.011876839
JPN,1964-04-01,1.166667,2.412494839
KOR,1964-04-01,,-2.931262491
USA,1964-04-01,5.2,1.089068379
CAN,1964-07-01,4.566667,1.067302224
DEU,1964-07-01,,1.039093942
FRA,1964-07-01,,1.226254685
GBR,1964-07-01,,0.356444562
ITA,1964-07-01,,-0.168904093
JPN,1964-07-01,1.166667,1.544361338
KOR,1964-07-01,,6.910256804
USA,1964-07-01,5.0,1.56260166
CAN,1964-10-01,4.433333,0.501631232
DEU,1964-10-01,,1.360335531
FRA,1964-10-01,,0.903738702
GBR,1964-10-01,,1.537830073
ITA,1964-10-01,,-0.418482889
JPN,1964-10-01,1.1,1.250663295
KOR,1964-10-01,,4.184192624
USA,1964-10-01,4.966667,0.309191087
CAN,1965-01-01,4.133333,3.181038821
DEU,1965-01-01,,1.63656424
FRA,1965-01-01,,0.221994873
GBR,1965-01-01,,-0.271646859
ITA,1965-01-01,,1.350147107
JPN,1965-01-01,1.133333,0.813162245
KOR,1965-01-01,,1.052089464
USA,1965-01-01,4.9,2.41990812
CAN,1965-04-01,4.166667,0.915536674
DEU,1965-04-01,,1.578070865
FRA,1965-04-01,,2.488095418
GBR,1965-04-01,,0.059989948
ITA,1965-04-01,,1.993828946
JPN,1965-04-01,1.233333,1.248847841
KOR,1965-04-01,,0.130141973
USA,1965-04-01,4.666667,1.263470829
CAN,1965-07-01,3.766667,1.395578506
DEU,1965-07-01,,0.665875619
FRA,1965-07-01,,1.445018966
GBR,1965-07-01,,0.763738104
ITA,1965-07-01,,1.332058082
JPN,1965-07-01,1.266667,2.265972003
KOR,1965-07-01,,-0.602601274
USA,1965-07-01,4.366667,2.223160468
CAN,1965-10-01,3.4,2.45084687
DEU,1965-10-01,,0.598451791
FRA,1965-10-01,,1.392214333
GBR,1965-10-01,,0.643774523
ITA,1965-10-01,,1.50234531
JPN,1965-10-01,1.3,1.553909699
KOR,1965-10-01,,2.521945867
USA,1965-10-01,4.1,2.303901713
CAN,1966-01-01,3.366667,1.945879533
DEU,1966-01-01,,1.81592055
FRA,1966-01-01,,0.902205649
GBR,1966-01-01,,0.163509217
ITA,1966-01-01,,0.967116445
JPN,1966-01-01,1.366667,2.676417582
KOR,1966-01-01,,5.853654186
USA,1966-01-01,3.866667,2.433835311
CAN,1966-04-01,3.1,2.158665681
DEU,1966-04-01,,0.307484942
FRA,1966-04-01,,1.512521587
GBR,1966-04-01,,0.579058193
ITA,1966-04-01,,1.424290602
JPN,1966-04-01,1.333333,3.912582843
KOR,1966-04-01,,6.208238892
USA,1966-04-01,3.833333,0.341470466
CAN,1966-07-01,3.433333,-0.047768976
DEU,1966-07-01,,0.122676937
FRA,1966-07-01,,1.140425464
GBR,1966-07-01,,0.337293091
ITA,1966-07-01,,2.825008494
JPN,1966-07-01,1.3,2.431441883
KOR,1966-07-01,,-1.621591603
USA,1966-07-01,3.766667,0.846832571
CAN,1966-10-01,3.4,1.239297635
DEU,1966-10-01,,-1.56154042
FRA,1966-10-01,,0.545946646
GBR,1966-10-01,,-0.402021171
ITA,1966-10-01,,0.479191887
JPN,1966-10-01,1.266667,1.998277154
KOR,1966-10-01,,1.324140156
USA,1966-10-01,3.7,0.820403429
CAN,1967-01-01,3.7,-0.225331116
DEU,1967-01-01,,-0.49772895
FRA,1967-01-01,,1.713639564
GBR,1967-01-01,,1.346890408
ITA,1967-01-01,,1.995070372
JPN,1967-01-01,1.3,2.650178346
KOR,1967-01-01,,3.239233726
USA,1967-01-01,3.833333,0.885793314
CAN,1967-04-01,3.733333,2.083321361
DEU,1967-04-01,,-0.31257933
FRA,1967-04-01,,1.094577234
GBR,1967-04-01,,1.381711506
ITA,1967-04-01,,2.150865879
JPN,1967-04-01,1.266667,2.6901539
KOR,1967-04-01,,2.195548772
USA,1967-04-01,3.833333,0.061351469
CAN,1967-07-01,3.666667,0.315240174
DEU,1967-07-01,,2.414591866
FRA,1967-07-01,,0.956190097
GBR,1967-07-01,,0.413961415
ITA,1967-07-01,,1.541055336
JPN,1967-07-01,1.166667,3.467643213
KOR,1967-07-01,,4.273375325
USA,1967-07-01,3.8,0.946076026
CAN,1967-10-01,4.166667,0.43564712
DEU,1967-10-01,,1.285930408
FRA,1967-10-01,,0.974727457
GBR,1967-10-01,,0.519933342
ITA,1967-10-01,,1.975952573
JPN,1967-10-01,1.266667,1.933249747
KOR,1967-10-01,,0.638790422
USA,1967-10-01,3.9,0.753853322
CAN,1968-01-01,4.433333,0.85242934
DEU,1968-01-01,,1.170303986
FRA,1968-01-01,,2.909618399
GBR,1968-01-01,,3.693652794
ITA,1968-01-01,,0.243127406
JPN,1968-01-01,1.266667,2.385972606
KOR,1968-01-01,,6.034662469
USA,1968-01-01,3.733333,2.039271039
CAN,1968-04-01,4.533333,2.688393446
DEU,1968-04-01,,0.777279522
FRA,1968-04-01,,-7.580956365
GBR,1968-04-01,,-0.418142464
ITA,1968-04-01,,2.09466276
JPN,1968-04-01,1.166667,3.411931155
KOR,1968-04-01,,1.769395558
USA,1968-04-01,3.566667,1.670373004
CAN,1968-07-01,4.533333,1.392807753
DEU,1968-07-01,,2.195194304
FRA,1968-07-01,,11.373243098
GBR,1968-07-01,,1.940917848
ITA,1968-07-01,,2.404436429
JPN,1968-07-01,1.2,2.263971456
KOR,1968-07-01,,5.463035745
USA,1968-07-01,3.533333,0.774518561
CAN,1968-10-01,4.466667,1.384671595
DEU,1968-10-01,,1.509433962
FRA,1968-10-01,,1.024590164
GBR,1968-10-01,,0.393004424
ITA,1968-10-01,,2.340948619
JPN,1968-10-01,1.066667,5.69754582
KOR,1968-10-01,,-2.074293041
USA,1968-10-01,3.4,0.392774099
CAN,1969-01-01,4.266667,1.369084169
DEU,1969-01-01,,2.516442665
FRA,1969-01-01,,0.183745183
GBR,1969-01-01,,-0.200801274
ITA,1969-01-01,,1.566157064
JPN,1969-01-01,1.133333,0.879461273
KOR,1969-01-01,,4.921469346
USA,1969-01-01,3.4,1.564430669
CAN,1969-04-01,4.366667,0.411425337
DEU,1969-04-01,,1.283087905
FRA,1969-04-01,,2.453037118
GBR,1969-04-01,,0.754036198
ITA,1969-04-01,,1.805751378
JPN,1969-04-01,1.2,2.911657781
KOR,1969-04-01,,3.79245689
USA,1969-04-01,3.433333,0.303353946
CAN,1969-07-01,4.4,1.109424869
DEU,1969-07-01,,2.148261051
FRA,1969-07-01,,0.94538382
GBR,1969-07-01,,0.539092615
ITA,1969-07-01,,0.239159209
JPN,1969-07-01,1.133333,2.395415623
KOR,1969-07-01,,8.36857505
USA,1969-07-01,3.566667,0.659952355
CAN,1969-10-01,4.6,1.413083388
DEU,1969-10-01,,1.536742829
FRA,1969-10-01,,0.790251715
GBR,1969-10-01,,0.46028381
ITA,1969-10-01,,-2.021337956
JPN,1969-10-01,1.066667,3.90301332
KOR,1969-10-01,,1.475161645
USA,1969-10-01,3.566667,-0.48820905
CAN,1970-01-01,4.866667,0.618000976
DEU,1970-01-01,,-1.595662151
FRA,1970-01-01,,1.911374445
GBR,1970-01-01,,-0.609790875
ITA,1970-01-01,,5.99645822
JPN,1970-01-01,1.066667,3.064074178
KOR,1970-01-01,,-1.678857278
USA,1970-01-01,4.166667,-0.148891714
CAN,1970-04-01,5.766667,0.008329335
DEU,1970-04-01,,3.975817699
FRA,1970-04-01,,1.262038455
GBR,1970-04-01,,2.385745779
ITA,1970-04-01,,0.729986912
JPN,1970-04-01,1.133333,1.212645697
KOR,1970-04-01,,4.432879564
USA,1970-04-01,4.766667,0.141718415
CAN,1970-07-01,6.166667,1.034916997
DEU,1970-07-01,,1.867836292
FRA,1970-07-01,,1.377238609
GBR,1970-07-01,,0.954667314
ITA,1970-07-01,,2.006337881
JPN,1970-07-01,1.233333,2.680797035
KOR,1970-07-01,,0.787360271
USA,1970-07-01,5.166667,0.921467385
CAN,1970-10-01,6.1,0.151842137
DEU,1970-10-01,,0.847606644
FRA,1970-10-01,,1.570186063
GBR,1970-10-01,,0.901226
ITA,1970-10-01,,0.11182118
JPN,1970-10-01,1.266667,-0.322008363
KOR,1970-10-01,,7.207840198
USA,1970-10-01,5.833333,-1.071573173
CAN,1971-01-01,6.233333,-0.514427002
DEU,1971-01-01,,-1.921102523
FRA,1971-01-01,,0.129083296
GBR,1971-01-01,,-0.465845629
ITA,1971-01-01,,-0.523040927
JPN,1971-01-01,1.166667,0.910971913
KOR,1971-01-01,,0.685480152
USA,1971-01-01,5.933333,2.716149226
CAN,1971-04-01,6.266667,2.919845718
DEU,1971-04-01,,2.098640828
FRA,1971-04-01,,1.821986785
GBR,1971-04-01,,1.792410241
ITA,1971-04-01,,0.421992045
JPN,1971-04-01,1.2,1.613126047
KOR,1971-04-01,,3.595002869
USA,1971-04-01,5.9,0.540816688
CAN,1971-07-01,6.1,2.763535924
DEU,1971-07-01,,1.730037193
FRA,1971-07-01,,1.630601407
GBR,1971-07-01,,1.718762021
ITA,1971-07-01,,1.464775733
JPN,1971-07-01,1.233333,1.218442597
KOR,1971-07-01,,0.185706639
USA,1971-07-01,6.033333,0.822446825
CAN,1971-10-01,6.133333,1.092959439
DEU,1971-10-01,,-0.084182124
FRA,1971-10-01,,0.856781066
GBR,1971-10-01,,0.395068759
ITA,1971-10-01,,0.56453477
JPN,1971-10-01,1.333333,0.911049697
KOR,1971-10-01,,0.325197209
USA,1971-10-01,5.933333,0.234864641
CAN,1972-01-01,5.966667,-0.334587909
DEU,1972-01-01,,0.101102707
FRA,1972-01-01,,1.309796145
GBR,1972-01-01,,0.1972002
ITA,1972-01-01,,1.104811466
JPN,1972-01-01,1.4,3.258014557
KOR,1972-01-01,,1.891606546
USA,1972-01-01,5.766667,1.837215912
CAN,1972-04-01,6.066667,2.834911476
DEU,1972-04-01,,1.632999089
FRA,1972-04-01,,0.38417729
GBR,1972-04-01,,2.644358348
ITA,1972-04-01,,-0.045308383
JPN,1972-04-01,1.4,1.881993872
KOR,1972-04-01,,3.069455869
USA,1972-04-01,5.7,2.269287506
CAN,1972-07-01,6.366667,0.296709917
DEU,1972-07-01,,2.335604225
FRA,1972-07-01,,0.887960161
GBR,1972-07-01,,0.265853165
ITA,1972-07-01,,1.348168499
JPN,1972-07-01,1.433333,2.13452832
KOR,1972-07-01,,1.467417425
USA,1972-07-01,5.566667,0.944089632
CAN,1972-10-01,6.466667,2.348892248
DEU,1972-10-01,,1.553896295
FRA,1972-10-01,,1.660236385
GBR,1972-10-01,,1.563816072
ITA,1972-10-01,,0.475253324
JPN,1972-10-01,1.4,2.515679627
KOR,1972-10-01,,3.91315873
USA,1972-10-01,5.366667,1.67443585
CAN,1973-01-01,5.866667,2.566523984
DEU,1973-01-01,,1.382723679
FRA,1973-01-01,,1.99228223
GBR,1973-01-01,,4.900587715
ITA,1973-01-01,,0.901496317
JPN,1973-01-01,1.233333,3.344675477
KOR,1973-01-01,,3.974891898
USA,1973-01-01,4.933333,2.474941731
CAN,1973-04-01,5.4,0.953995394
DEU,1973-04-01,,0.738877462
FRA,1973-04-01,,1.080382169
GBR,1973-04-01,,0.186753038
ITA,1973-04-01,,2.996680537
JPN,1973-04-01,1.366667,0.91447627
KOR,1973-04-01,,4.1680241
USA,1973-04-01,4.933333,1.088743434
CAN,1973-07-01,5.4,0.464961005
DEU,1973-07-01,,0.327712697
FRA,1973-07-01,,0.858845143
GBR,1973-07-01,,-0.926790776
ITA,1973-07-01,,3.18178299
JPN,1973-07-01,1.266667,0.291681205
KOR,1973-07-01,,4.729453192
USA,1973-07-01,4.8,-0.525838329
CAN,1973-10-01,5.533333,1.844449189
DEU,1973-10-01,,0.24886882
FRA,1973-10-01,,1.278319135
GBR,1973-10-01,,-0.38279923
ITA,1973-10-01,,2.442616376
JPN,1973-10-01,1.133333,1.235735789
KOR,1973-10-01,,1.160951619
USA,1973-10-01,4.766667,0.949230841
CAN,1974-01-01,5.233333,0.827632743
DEU,1974-01-01,,0.845690319
FRA,1974-01-01,,0.959287031
GBR,1974-01-01,,-2.782491637
ITA,1974-01-01,,0.810995874
JPN,1974-01-01,1.3,-3.435981747
KOR,1974-01-01,,5.126242748
USA,1974-01-01,5.133333,-0.859705265
CAN,1974-04-01,5.2,1.025739182
DEU,1974-04-01,,-0.076938462
FRA,1974-04-01,,0.500642661
GBR,1974-04-01,,1.440506212
ITA,1974-04-01,,0.955063814
JPN,1974-04-01,1.3,0.720303476
KOR,1974-04-01,,-0.632327757
USA,1974-04-01,5.2,0.237697011
CAN,1974-07-01,5.266667,0.01921879
DEU,1974-07-01,,4.35e-06
FRA,1974-07-01,,0.943450926
GBR,1974-07-01,,0.597719977
ITA,1974-07-01,,0.16671244
JPN,1974-07-01,1.4,1.279660157
KOR,1974-07-01,,1.322243698
USA,1974-07-01,5.633333,-0.945277385
CAN,1974-10-01,5.666667,-0.520988065
DEU,1974-10-01,,-1.262707459
FRA,1974-10-01,,-1.510183316
GBR,1974-10-01,,-1.474113579
ITA,1974-10-01,,-2.090374618
JPN,1974-10-01,1.6,-0.542348904
KOR,1974-10-01,,-0.362573341
USA,1974-10-01,6.6,-0.388405772
CAN,1975-01-01,6.7,-0.544813179
DEU,1975-01-01,,-0.577005351
FRA,1975-01-01,,-0.44990402
GBR,1975-01-01,,0.037560723
ITA,1975-01-01,,-1.739606011
JPN,1975-01-01,1.766667,0.130852508
KOR,1975-01-01,,2.060330856
USA,1975-01-01,8.266666,-1.217634331
CAN,1975-04-01,6.833333,1.282923644
DEU,1975-04-01,,-0.501954515
FRA,1975-04-01,,0.252750122
GBR,1975-04-01,,-1.624934293
ITA,1975-04-01,,-0.051609537
JPN,1975-04-01,1.8,2.220142359
KOR,1975-04-01,,4.221336593
USA,1975-04-01,8.866667,0.714701189
CAN,1975-07-01,6.966667,1.918505342
DEU,1975-07-01,,1.087808729
FRA,1975-07-01,,0.38735228
GBR,1975-07-01,,-0.297701086
ITA,1975-07-01,,1.421426377
JPN,1975-07-01,1.9,1.138138264
KOR,1975-07-01,,2.860623782
USA,1975-07-01,8.466666,1.712044616
CAN,1975-10-01,7.133333,1.157163082
DEU,1975-10-01,,1.965054968
FRA,1975-10-01,,1.350335463
GBR,1975-10-01,,1.123753217
ITA,1975-10-01,,1.120331647
JPN,1975-10-01,2.1,1.051509853
KOR,1975-10-01,,3.203992356
USA,1975-10-01,8.3,1.347092895
CAN,1976-01-01,6.933333,1.742666777
DEU,1976-01-01,,0.898503341
FRA,1976-01-01,,1.467728516
GBR,1976-01-01,,1.66647739
ITA,1976-01-01,,1.761832697
JPN,1976-01-01,2.033333,0.847324585
KOR,1976-01-01,,3.167262945
USA,1976-01-01,7.733333,2.249467623
CAN,1976-04-01,6.866667,2.156483453
DEU,1976-04-01,,1.485514999
FRA,1976-04-01,,1.192260978
GBR,1976-04-01,,-0.136114088
ITA,1976-04-01,,1.807450363
JPN,1976-04-01,2.066667,0.590800499
KOR,1976-04-01,,4.345917211
USA,1976-04-01,7.566667,0.733374038
CAN,1976-07-01,7.166667,0.461713212
DEU,1976-07-01,,0.029868819
FRA,1976-07-01,,0.472915631
GBR,1976-07-01,,1.237467893
ITA,1976-07-01,,2.541459042
JPN,1976-07-01,2.0,1.406011224
KOR,1976-07-01,,2.183665579
USA,1976-07-01,7.733333,0.547407585
CAN,1976-10-01,7.433333,0.161577012
DEU,1976-10-01,,1.85157959
FRA,1976-10-01,,1.245840306
GBR,1976-10-01,,2.105030548
ITA,1976-10-01,,1.734669506
JPN,1976-10-01,1.933333,0.118914049
KOR,1976-10-01,,1.142645696
USA,1976-10-01,7.766667,0.722603571
CAN,1977-01-01,7.766667,1.533829769
DEU,1977-01-01,,0.853943577
FRA,1977-01-01,,1.105448055
GBR,1977-01-01,,0.064125429
ITA,1977-01-01,,0.039609619
JPN,1977-01-01,1.966667,2.187257002
KOR,1977-01-01,,1.100853836
USA,1977-01-01,7.5,1.186233148
CAN,1977-04-01,7.833333,0.510302318
DEU,1977-04-01,,0.566949156
FRA,1977-04-01,,0.434796121
GBR,1977-04-01,,-0.694914507
ITA,1977-04-01,,-0.55686306
JPN,1977-04-01,2.033333,0.703787517
KOR,1977-04-01,,4.932007031
USA,1977-04-01,7.133333,1.941923522
CAN,1977-07-01,8.2,0.587798364
DEU,1977-07-01,,-0.028904963
FRA,1977-07-01,,0.458443057
GBR,1977-07-01,,0.662267682
ITA,1977-07-01,,-0.935347604
JPN,1977-07-01,2.033333,0.681686576
KOR,1977-07-01,,6.11722609
USA,1977-07-01,6.9,1.803164972
CAN,1977-10-01,8.466666,1.584637482
DEU,1977-10-01,,1.720636701
FRA,1977-10-01,,0.228252482
GBR,1977-10-01,,1.699268365
ITA,1977-10-01,,0.856853295
JPN,1977-10-01,2.0,1.356456852
KOR,1977-10-01,,3.625594675
USA,1977-10-01,6.666667,0.00199278
CAN,1978-01-01,8.366667,0.863597549
DEU,1978-01-01,,0.412115378
FRA,1978-01-01,,1.31409741
GBR,1978-01-01,,0.935312171
ITA,1978-01-01,,1.634293921
JPN,1978-01-01,2.166667,1.889184999
KOR,1978-01-01,,-0.613305981
USA,1978-01-01,6.333333,0.31984214
CAN,1978-04-01,8.466666,0.680645726
DEU,1978-04-01,,0.396382149
FRA,1978-04-01,,1.126314911
GBR,1978-04-01,,1.145230354
ITA,1978-04-01,,1.729759053
JPN,1978-04-01,2.266667,0.972000933
KOR,1978-04-01,,3.047255714
USA,1978-04-01,6.0,3.864772684
CAN,1978-07-01,8.366667,0.932836265
DEU,1978-07-01,,1.311340647
FRA,1978-07-01,,0.718842759
GBR,1978-07-01,,1.363810024
ITA,1978-07-01,,0.526216337
JPN,1978-07-01,2.3,1.293282486
KOR,1978-07-01,,1.960915232
USA,1978-07-01,6.033333,1.005748755
CAN,1978-10-01,8.266666,0.948169861
DEU,1978-10-01,,1.169104613
FRA,1978-10-01,,1.120398391
GBR,1978-10-01,,0.879841316
ITA,1978-10-01,,1.52383092
JPN,1978-10-01,2.2,1.443061634
KOR,1978-10-01,,4.65999029
USA,1978-10-01,5.9,1.344125421
CAN,1979-01-01,8.033334,0.797819177
DEU,1979-01-01,,0.123655596
FRA,1979-01-01,,0.497824399
GBR,1979-01-01,,-0.297012515
ITA,1979-01-01,,1.579975193
JPN,1979-01-01,2.1,1.495580739
KOR,1979-01-01,,4.729315716
USA,1979-01-01,5.866667,0.179593814
CAN,1979-04-01,7.666667,1.326596172
DEU,1979-04-01,,3.10525348
FRA,1979-04-01,,1.152614034
GBR,1979-04-01,,4.356795427
ITA,1979-04-01,,0.727095866
JPN,1979-04-01,2.033333,1.827155452
KOR,1979-04-01,,0.634306527
USA,1979-04-01,5.7,0.106745288
CAN,1979-07-01,7.1,0.733071541
DEU,1979-07-01,,7.53e-06
FRA,1979-07-01,,0.524041261
GBR,1979-07-01,,-2.211139121
ITA,1979-07-01,,1.730408441
JPN,1979-07-01,2.133333,0.762663736
KOR,1979-07-01,,-2.829325412
USA,1979-07-01,5.866667,0.742804688
CAN,1979-10-01,7.2,0.670926663
DEU,1979-10-01,,0.61299334
FRA,1979-10-01,,0.201805222
GBR,1979-10-01,,1.02374267
ITA,1979-10-01,,2.353893536
JPN,1979-10-01,2.066667,0.434649
KOR,1979-10-01,,-1.496829376
USA,1979-10-01,5.966667,0.250045169
CAN,1980-01-01,7.566667,0.694332365
DEU,1980-01-01,,0.801235019
FRA,1980-01-01,,1.223865652
GBR,1980-01-01,,-0.94838063
ITA,1980-01-01,,-0.183599872
JPN,1980-01-01,1.9,0.38255242
KOR,1980-01-01,,1.102520505
USA,1980-01-01,6.3,0.314571154
CAN,1980-04-01,7.733333,-0.043713005
DEU,1980-04-01,,-0.64380222
FRA,1980-04-01,,-0.805497999
GBR,1980-04-01,,-1.974971828
ITA,1980-04-01,,0.776049009
JPN,1980-04-01,1.966667,-0.527155036
KOR,1980-04-01,,-0.654298528
USA,1980-04-01,7.333333,-2.060434864
CAN,1980-07-01,7.5,-0.083091031
DEU,1980-07-01,,-0.396722368
FRA,1980-07-01,,0.151198212
GBR,1980-07-01,,-0.116847168
ITA,1980-07-01,,0.083677275
JPN,1980-07-01,2.033333,2.239931727
KOR,1980-07-01,,1.84039674
USA,1980-07-01,7.666667,-0.11885475
CAN,1980-10-01,7.266667,1.383645399
DEU,1980-10-01,,-0.132760006
FRA,1980-10-01,,-0.156140825
GBR,1980-10-01,,-1.075948648
ITA,1980-10-01,,0.852303473
JPN,1980-10-01,2.166667,2.125487999
KOR,1980-10-01,,-2.499843185
USA,1980-10-01,7.4,1.86492332
CAN,1981-01-01,7.4,2.154351265
DEU,1981-01-01,,1.189866492
FRA,1981-01-01,,0.371738073
GBR,1981-01-01,,-0.063529241
ITA,1981-01-01,,-0.570495427
JPN,1981-01-01,2.2,0.613078575
KOR,1981-01-01,,4.159429054
USA,1981-01-01,7.433333,1.959422211
CAN,1981-04-01,7.166667,1.093360409
DEU,1981-04-01,,-0.249632331
FRA,1981-04-01,,0.756103973
GBR,1981-04-01,,0.232833329
ITA,1981-04-01,,0.194997387
JPN,1981-04-01,2.266667,1.223762939
KOR,1981-04-01,,2.348726606
USA,1981-04-01,7.4,-0.741075707
CAN,1981-07-01,7.466667,-0.899099935
DEU,1981-07-01,,0.263433962
FRA,1981-07-01,,0.671572082
GBR,1981-07-01,,1.093837754
ITA,1981-07-01,,0.046310302
JPN,1981-07-01,2.166667,-0.222416724
KOR,1981-07-01,,4.030833726
USA,1981-07-01,7.4,1.197502075
CAN,1981-10-01,8.433333,-0.459901898
DEU,1981-10-01,,-0.078831451
FRA,1981-10-01,,0.602926319
GBR,1981-10-01,,0.113377828
ITA,1981-10-01,,0.811647168
JPN,1981-10-01,2.2,0.729939813
KOR,1981-10-01,,1.836196428
USA,1981-10-01,8.233334,-1.089596732
CAN,1982-01-01,8.933333,-1.144418136
DEU,1982-01-01,,0.37467052
FRA,1982-01-01,,0.756381721
GBR,1982-01-01,,0.191014035
ITA,1982-01-01,,-0.039523113
JPN,1982-01-01,2.233333,1.532500574
KOR,1982-01-01,,0.732931803
USA,1982-01-01,8.833333,-1.553644642
CAN,1982-04-01,10.4,-1.151291383
DEU,1982-04-01,,-0.615593473
FRA,1982-04-01,,0.708618401
GBR,1982-04-01,,1.050458163
ITA,1982-04-01,,-0.284173742
JPN,1982-04-01,2.333333,0.686562871
KOR,1982-04-01,,2.155276412
USA,1982-04-01,9.433333,0.456177128
CAN,1982-07-01,12.1,-0.886813665
DEU,1982-07-01,,-0.988403773
FRA,1982-07-01,,-0.058157688
GBR,1982-07-01,,0.224462706
ITA,1982-07-01,,-0.053487539
JPN,1982-07-01,2.366667,0.437004283
KOR,1982-07-01,,2.037656888
USA,1982-07-01,9.9,-0.382266836
CAN,1982-10-01,12.96667,-0.922796955
DEU,1982-10-01,,0.239588883
FRA,1982-10-01,,0.59876687
GBR,1982-10-01,,0.690109301
ITA,1982-10-01,,-0.290768813
JPN,1982-10-01,2.466667,1.389602027
KOR,1982-10-01,,3.584338929
USA,1982-10-01,10.66667,0.040008788
CAN,1983-01-01,12.63333,1.634267065
DEU,1983-01-01,,0.906269548
FRA,1983-01-01,8.1,0.384400625
GBR,1983-01-01,10.8,1.930146719
ITA,1983-01-01,7.066667,0.279768455
JPN,1983-01-01,2.666667,0.06306144
KOR,1983-01-01,,4.234737522
USA,1983-01-01,10.36667,1.31779041
CAN,1983-04-01,12.4,1.972771607
DEU,1983-04-01,,1.052777518
FRA,1983-04-01,8.533334,0.054686235
GBR,1983-04-01,10.9,0.693424968
ITA,1983-04-01,7.266667,-0.120408691
JPN,1983-04-01,2.666667,0.751951743
KOR,1983-04-01,,2.860315509
USA,1983-04-01,10.13333,2.275520245
CAN,1983-07-01,11.66667,1.123439591
DEU,1983-07-01,,-0.208367803
FRA,1983-07-01,9.0,0.160533496
GBR,1983-07-01,10.9,1.154109219
ITA,1983-07-01,7.433333,1.862228848
JPN,1983-07-01,2.7,1.496253621
KOR,1983-07-01,,3.841112441
USA,1983-07-01,9.366667,1.998954608
CAN,1983-10-01,11.3,1.243210478
DEU,1983-10-01,,1.383273921
FRA,1983-10-01,9.4,0.622333147
GBR,1983-10-01,10.8,0.747341599
ITA,1983-10-01,7.7,2.216799557
JPN,1983-10-01,2.6,0.83312633
KOR,1983-10-01,,1.193128807
USA,1983-10-01,8.533334,2.086182628
CAN,1984-01-01,11.3,1.731993046
DEU,1984-01-01,,1.322572601
FRA,1984-01-01,9.7,0.445254022
GBR,1984-01-01,10.8,0.838231554
ITA,1984-01-01,7.866667,-0.196112871
JPN,1984-01-01,2.7,1.15167553
KOR,1984-01-01,,4.041410473
USA,1984-01-01,7.866667,1.954790342
CAN,1984-04-01,11.5,1.940640467
DEU,1984-04-01,,-1.575206402
FRA,1984-04-01,9.933333,0.47601418
GBR,1984-04-01,10.7,-1.0032613
ITA,1984-04-01,7.833333,0.321964637
JPN,1984-04-01,2.733333,1.514425641
KOR,1984-04-01,,2.255650296
USA,1984-04-01,7.433333,1.727761586
CAN,1984-07-01,11.43333,0.429949956
DEU,1984-07-01,,2.723287578
FRA,1984-07-01,10.2,0.646448158
GBR,1984-07-01,10.9,0.732824968
ITA,1984-07-01,7.8,1.177467534
JPN,1984-07-01,2.733333,1.222067612
KOR,1984-07-01,,1.679071326
USA,1984-07-01,7.433333,0.964010047
CAN,1984-10-01,11.26667,1.560682803
DEU,1984-10-01,,0.841814285
FRA,1984-10-01,10.43333,-0.092135756
GBR,1984-10-01,11.1,1.810128005
ITA,1984-10-01,7.833333,0.01604437
JPN,1984-10-01,2.666667,0.172601927
KOR,1984-10-01,,0.774819581
USA,1984-10-01,7.3,0.820772945
CAN,1985-01-01,10.8,1.536397114
DEU,1985-01-01,,-0.545070922
FRA,1985-01-01,10.4,0.250675471
GBR,1985-01-01,11.2,0.960221372
ITA,1985-01-01,8.0,0.571727581
JPN,1985-01-01,2.566667,2.450569896
KOR,1985-01-01,,2.456549828
USA,1985-01-01,7.233333,0.968979228
CAN,1985-04-01,10.7,0.321648526
DEU,1985-04-01,,1.002247959
FRA,1985-04-01,10.4,0.831749144
GBR,1985-04-01,11.3,2.139693519
ITA,1985-04-01,8.033334,1.320883135
JPN,1985-04-01,2.566667,2.024950032
KOR,1985-04-01,,2.398482774
USA,1985-04-01,7.3,0.880473573
CAN,1985-07-01,10.3,1.269493817
DEU,1985-07-01,,1.302408149
FRA,1985-07-01,10.4,0.572159285
GBR,1985-07-01,11.2,-0.019740826
ITA,1985-07-01,8.233334,0.801015883
JPN,1985-07-01,2.6,1.308559679
KOR,1985-07-01,,1.347420391
USA,1985-07-01,7.2,1.527271423
CAN,1985-10-01,10.23333,1.524600169
DEU,1985-10-01,,0.599977251
FRA,1985-10-01,10.46667,0.505045195
GBR,1985-10-01,11.1,0.055218296
ITA,1985-10-01,8.4,0.666795973
JPN,1985-10-01,2.766667,1.328426309
KOR,1985-10-01,,3.177580339
USA,1985-10-01,7.033333,0.743449145
CAN,1986-01-01,9.833333,-0.050673397
DEU,1986-01-01,,-0.57204937
FRA,1986-01-01,10.36667,0.308874332
GBR,1986-01-01,11.1,1.049572044
ITA,1986-01-01,8.566667,0.6231799
JPN,1986-01-01,2.666667,0.397646389
KOR,1986-01-01,,1.606393441
USA,1986-01-01,7.033333,0.93374763
CAN,1986-04-01,9.6,0.574750312
DEU,1986-04-01,,1.150684662
FRA,1986-04-01,10.46667,1.097261435
GBR,1986-04-01,11.3,0.887073551
ITA,1986-04-01,8.766666,0.646812678
JPN,1986-04-01,2.766667,-0.245688838
KOR,1986-04-01,,4.126301185
USA,1986-04-01,7.166667,0.450296355
CAN,1986-07-01,9.566667,0.125735895
DEU,1986-07-01,,0.738239227
FRA,1986-07-01,10.63333,0.542764554
GBR,1986-07-01,11.3,0.626974675
ITA,1986-07-01,9.0,0.998122617
JPN,1986-07-01,2.833333,0.585787749
KOR,1986-07-01,,4.564097351
USA,1986-07-01,6.966667,0.956668037
CAN,1986-10-01,9.433333,-0.723892076
DEU,1986-10-01,,0.997108218
FRA,1986-10-01,10.83333,0.124897372
GBR,1986-10-01,11.2,1.925936069
ITA,1986-10-01,9.133333,0.410590175
JPN,1986-10-01,2.8,0.788721108
KOR,1986-10-01,,1.516722007
USA,1986-10-01,6.833333,0.53639288
CAN,1987-01-01,9.466666,2.311401978
DEU,1987-01-01,,-2.509804892
FRA,1987-01-01,10.8,0.082351102
GBR,1987-01-01,11.0,0.700222318
ITA,1987-01-01,9.266666,0.40962454
JPN,1987-01-01,2.933333,-0.071725638
KOR,1987-01-01,,2.884634243
USA,1987-01-01,6.6,0.741844935
CAN,1987-04-01,9.0,1.281026782
DEU,1987-04-01,,2.244993958
FRA,1987-04-01,10.66667,1.488676168
GBR,1987-04-01,10.6,1.484733358
ITA,1987-04-01,9.666667,1.514381795
JPN,1987-04-01,3.0,2.0955948
KOR,1987-04-01,,5.406787416
USA,1987-04-01,6.266667,1.078177644
CAN,1987-07-01,8.566667,1.527856089
DEU,1987-07-01,,0.69212071
FRA,1987-07-01,10.56667,0.672619761
GBR,1987-07-01,10.1,2.462767389
ITA,1987-07-01,9.8,0.288641596
JPN,1987-07-01,2.766667,2.000277551
KOR,1987-07-01,,1.125125534
USA,1987-07-01,6.0,0.867178025
CAN,1987-10-01,8.166667,1.291886418
DEU,1987-10-01,,1.599900168
FRA,1987-10-01,10.5,1.474789609
GBR,1987-10-01,9.6,1.139161621
ITA,1987-10-01,9.733334,1.075995276
JPN,1987-10-01,2.7,2.574799235
KOR,1987-10-01,,1.75002104
USA,1987-10-01,5.833333,1.716956865
CAN,1988-01-01,7.9,1.456990551
DEU,1988-01-01,,-0.906972722
FRA,1988-01-01,10.26667,1.284047198
GBR,1988-01-01,9.1,1.621082836
ITA,1988-01-01,9.7,1.471709696
JPN,1988-01-01,2.666667,2.387212705
KOR,1988-01-01,,7.558868687
USA,1988-01-01,5.7,0.516882541
CAN,1988-04-01,7.7,0.887376092
DEU,1988-04-01,,1.812832048
FRA,1988-04-01,10.13333,0.875142412
GBR,1988-04-01,8.7,0.518365721
ITA,1988-04-01,9.633333,0.635269809
JPN,1988-04-01,2.466667,-0.145997226
KOR,1988-04-01,,-1.80716406
USA,1988-04-01,5.466667,1.314032279
CAN,1988-07-01,7.8,0.014849555
DEU,1988-07-01,,1.133075704
FRA,1988-07-01,10.0,1.26549596
GBR,1988-07-01,8.3,1.250199594
ITA,1988-07-01,9.6,1.313966057
JPN,1988-07-01,2.533333,2.230947392
KOR,1988-07-01,,3.39323194
USA,1988-07-01,5.466667,0.585969645
CAN,1988-10-01,7.7,0.686248083
DEU,1988-10-01,,1.177546594
FRA,1988-10-01,9.9,0.82491291
GBR,1988-10-01,7.9,0.802537279
ITA,1988-10-01,9.8,1.193897196
JPN,1988-10-01,2.4,1.053823715
KOR,1988-10-01,,2.869056569
USA,1988-10-01,5.333333,1.332456056
CAN,1989-01-01,7.533333,1.15546661
DEU,1989-01-01,,1.045142904
FRA,1989-01-01,9.733334,1.300850916
GBR,1989-01-01,7.5,0.484989657
ITA,1989-01-01,9.8,0.621204493
JPN,1989-01-01,2.333333,2.698039962
KOR,1989-01-01,,-0.027060162
USA,1989-01-01,5.2,1.016394951
CAN,1989-04-01,7.666667,0.388999379
DEU,1989-04-01,,0.402547977
FRA,1989-04-01,9.666667,1.115651642
GBR,1989-04-01,7.1,0.623061043
ITA,1989-04-01,9.8,0.432396865
JPN,1989-04-01,2.3,-1.30573169
KOR,1989-04-01,,1.677355562
USA,1989-04-01,5.233333,0.763099657
CAN,1989-07-01,7.366667,0.361042659
DEU,1989-07-01,,0.913245256
FRA,1989-07-01,9.6,1.126736093
GBR,1989-07-01,7.0,0.164757863
ITA,1989-07-01,9.7,1.042437027
JPN,1989-07-01,2.2,1.749678162
KOR,1989-07-01,,2.851158962
USA,1989-07-01,5.233333,0.740735625
CAN,1989-10-01,7.466667,-0.199034712
DEU,1989-10-01,,1.158805549
FRA,1989-10-01,9.6,1.341076098
GBR,1989-10-01,6.8,-0.014017141
ITA,1989-10-01,9.366667,1.029139679
JPN,1989-10-01,2.166667,3.098252201
KOR,1989-10-01,,3.817389322
USA,1989-10-01,5.366667,0.196981055
CAN,1990-01-01,7.633333,0.961690311
DEU,1990-01-01,,2.075706554
FRA,1990-01-01,9.5,0.21167909
GBR,1990-01-01,6.8,0.508121068
ITA,1990-01-01,9.0,0.398617358
JPN,1990-01-01,2.133333,-0.475764015
KOR,1990-01-01,2.433333,1.047622117
USA,1990-01-01,5.3,1.092882045
CAN,1990-04-01,7.666667,-0.401218185
DEU,1990-04-01,,0.491660084
FRA,1990-04-01,9.4,0.537258299
GBR,1990-04-01,6.7,0.672931036
ITA,1990-04-01,8.9,0.304784304
JPN,1990-04-01,2.133333,3.153970057
KOR,1990-04-01,2.3,2.254287527
USA,1990-04-01,5.333333,0.36297003
CAN,1990-07-01,8.166667,-0.716674548
DEU,1990-07-01,,2.105934971
FRA,1990-07-01,9.3,0.649795676
GBR,1990-07-01,6.8,-1.097937867
ITA,1990-07-01,8.8,0.160344602
JPN,1990-07-01,2.066667,1.676741547
KOR,1990-07-01,2.533333,3.543741352
USA,1990-07-01,5.7,0.066581679
CAN,1990-10-01,9.133333,-0.890402907
DEU,1990-10-01,,1.760421133
FRA,1990-10-01,9.3,-0.048019879
GBR,1990-10-01,7.1,-0.507175939
ITA,1990-10-01,8.733334,-0.649584431
JPN,1990-10-01,2.066667,-0.189979697
KOR,1990-10-01,2.566667,1.906649853
USA,1990-10-01,6.133333,-0.910404557
CAN,1991-01-01,10.16667,-1.438612374
DEU,1991-01-01,5.233333,2.718686023
FRA,1991-01-01,9.266666,0.263117759
GBR,1991-01-01,7.7,-0.492520244
ITA,1991-01-01,8.633333,1.000022004
JPN,1991-01-01,2.1,0.871317214
KOR,1991-01-01,2.5,3.658652306
USA,1991-01-01,6.6,-0.467940645
CAN,1991-04-01,10.33333,0.479959225
DEU,1991-04-01,5.333333,-0.43797429
FRA,1991-04-01,9.433333,0.369289494
GBR,1991-04-01,8.5,-0.115509454
ITA,1991-04-01,8.466666,0.542168276
JPN,1991-04-01,2.1,1.186411273
KOR,1991-04-01,2.3,1.704319927
USA,1991-04-01,6.833333,0.779689057
CAN,1991-07-01,10.43333,0.132626462
DEU,1991-07-01,5.6,-0.184476234
FRA,1991-07-01,9.7,0.405390693
GBR,1991-07-01,9.0,-0.195436726
ITA,1991-07-01,8.433333,0.654053656
JPN,1991-07-01,2.1,-0.22137912
KOR,1991-07-01,2.4,2.277111945
USA,1991-07-01,6.866667,0.505358687
CAN,1991-10-01,10.33333,0.175721575
DEU,1991-10-01,5.9,1.407451232
FRA,1991-10-01,10.0,0.482572593
GBR,1991-10-01,9.1,0.123690675
ITA,1991-10-01,8.6,0.501144711
JPN,1991-10-01,2.066667,0.702333496
KOR,1991-10-01,2.466667,2.575181597
USA,1991-10-01,7.1,0.348544845
CAN,1992-01-01,10.6,0.070586748
DEU,1992-01-01,6.1,1.412418178
FRA,1992-01-01,10.26667,0.71522495
GBR,1992-01-01,9.3,-0.034717903
ITA,1992-01-01,8.666667,0.447083134
JPN,1992-01-01,2.066667,0.031100621
KOR,1992-01-01,2.4,1.730367578
USA,1992-01-01,7.366667,1.19725221
CAN,1992-04-01,11.0,0.113964563
DEU,1992-04-01,6.4,-0.608234087
FRA,1992-04-01,10.5,0.112287906
GBR,1992-04-01,9.8,-0.155127155
ITA,1992-04-01,8.666667,-0.428149234
JPN,1992-04-01,2.1,0.35015406
KOR,1992-04-01,2.433333,0.752860469
USA,1992-04-01,7.6,1.084303276
CAN,1992-07-01,11.53333,0.541657502
DEU,1992-07-01,6.766667,-0.264255506
FRA,1992-07-01,10.8,-0.114992705
GBR,1992-07-01,9.9,0.475670098
ITA,1992-07-01,9.0,-0.427269227
JPN,1992-07-01,2.166667,0.117664944
KOR,1992-07-01,2.566667,0.120342475
USA,1992-07-01,7.633333,0.988110187
CAN,1992-10-01,11.73333,0.569768536
DEU,1992-10-01,7.1,-0.29284497
FRA,1992-10-01,11.0,0.018967921
GBR,1992-10-01,10.4,0.770566717
ITA,1992-10-01,8.9,-0.399884158
JPN,1992-10-01,2.266667,-0.63750149
KOR,1992-10-01,2.6,1.573810305
USA,1992-10-01,7.366667,1.042855599
CAN,1993-01-01,11.13333,0.634920635
DEU,1993-01-01,7.4,-0.783255687
FRA,1993-01-01,11.3,-0.540271973
GBR,1993-01-01,10.6,0.500144575
ITA,1993-01-01,9.133333,-0.210920618
JPN,1993-01-01,2.3,1.126858466
KOR,1993-01-01,2.833333,2.077482059
USA,1993-01-01,7.133333,0.166943722
CAN,1993-04-01,11.63333,0.910890816
DEU,1993-04-01,7.6,0.042292135
FRA,1993-04-01,11.7,0.004748092
GBR,1993-04-01,10.4,0.446095384
ITA,1993-04-01,9.8,-0.168778725
JPN,1993-04-01,2.433333,-0.633145863
KOR,1993-04-01,3.0,2.523958705
USA,1993-04-01,7.066667,0.582170944
CAN,1993-07-01,11.43333,0.956348976
DEU,1993-07-01,7.9,0.563616987
FRA,1993-07-01,12.03333,0.122494969
GBR,1993-07-01,10.2,0.915737411
ITA,1993-07-01,9.966666,-0.238591125
JPN,1993-07-01,2.533333,-0.717862391
KOR,1993-07-01,2.9,1.82921955
USA,1993-07-01,6.8,0.477154823
CAN,1993-10-01,11.3,0.427742752
DEU,1993-10-01,8.2,-0.070061128
FRA,1993-10-01,12.36667,0.263109358
GBR,1993-10-01,10.3,0.680922097
ITA,1993-10-01,10.43333,0.744916512
JPN,1993-10-01,2.733333,0.630002484
KOR,1993-10-01,2.833333,1.968937371
USA,1993-10-01,6.633333,1.360149303
CAN,1994-01-01,11.03333,1.474477573
DEU,1994-01-01,8.466666,1.391677277
FRA,1994-01-01,12.5,0.678724528
GBR,1994-01-01,9.9,0.985027801
ITA,1994-01-01,10.43333,0.579154781
JPN,1994-01-01,2.866667,0.885595788
KOR,1994-01-01,2.7,2.96911126
USA,1994-01-01,6.566667,0.970362988
CAN,1994-04-01,10.63333,1.45985462
DEU,1994-04-01,8.533334,0.580837173
FRA,1994-04-01,12.4,1.003435029
GBR,1994-04-01,9.7,0.916546202
ITA,1994-04-01,10.56667,0.832455565
JPN,1994-04-01,2.8,-0.539401039
KOR,1994-04-01,2.533333,1.665172351
USA,1994-04-01,6.2,1.355182631
CAN,1994-07-01,10.13333,1.282038704
DEU,1994-07-01,8.433333,0.57747656
FRA,1994-07-01,12.2,0.903235693
GBR,1994-07-01,9.4,1.010383201
ITA,1994-07-01,10.4,0.836590705
JPN,1994-07-01,2.966667,1.143684489
KOR,1994-07-01,2.433333,1.612218318
USA,1994-07-01,6.0,0.584584555
CAN,1994-10-01,9.766666,0.726422352
DEU,1994-10-01,8.266666,1.12098091
FRA,1994-10-01,12.0,0.942651715
GBR,1994-10-01,9.0,0.434655286
ITA,1994-10-01,11.13333,0.953883933
JPN,1994-10-01,2.933333,-0.385137424
KOR,1994-10-01,2.233333,4.05116885
USA,1994-10-01,5.633333,1.145570156
CAN,1995-01-01,9.633333,0.918809755
DEU,1995-01-01,8.133333,-0.402211258
FRA,1995-01-01,11.8,0.472548244
GBR,1995-01-01,8.9,0.514577444
ITA,1995-01-01,11.23333,1.02795997
JPN,1995-01-01,3.033333,1.086105286
KOR,1995-01-01,2.133333,2.208819459
USA,1995-01-01,5.466667,0.354780508
CAN,1995-04-01,9.5,0.042484763
DEU,1995-04-01,8.1,0.814440502
FRA,1995-04-01,11.86667,0.655686021
GBR,1995-04-01,8.7,0.210310308
ITA,1995-04-01,11.1,-0.006417736
JPN,1995-04-01,3.066667,0.957430946
KOR,1995-04-01,2.033333,1.906707338
USA,1995-04-01,5.666667,0.298322846
CAN,1995-07-01,9.433333,0.132162786
DEU,1995-07-01,8.266666,0.175031675
FRA,1995-07-01,12.0,0.15627681
GBR,1995-07-01,8.6,1.114744432
ITA,1995-07-01,11.16667,0.674190389
JPN,1995-07-01,3.166667,1.167432326
KOR,1995-07-01,2.1,2.10330907
USA,1995-07-01,5.666667,0.850725502
CAN,1995-10-01,9.3,0.40357518
DEU,1995-10-01,8.433333,0.040325666
FRA,1995-10-01,12.16667,-0.039506522
GBR,1995-10-01,8.3,0.316236756
ITA,1995-10-01,11.1,0.698715235
JPN,1995-10-01,3.333333,0.25359106
KOR,1995-10-01,2.033333,1.895836839
USA,1995-10-01,5.566667,0.679082051
CAN,1996-01-01,9.5,0.145116796
DEU,1996-01-01,8.566667,-0.705292393
FRA,1996-01-01,12.3,0.695138587
GBR,1996-01-01,8.2,0.669587414
ITA,1996-01-01,11.0,0.009266072
JPN,1996-01-01,3.366667,0.815734381
KOR,1996-01-01,1.933333,2.008454143
USA,1996-01-01,5.533333,0.749050123
CAN,1996-04-01,9.433333,0.711918285
DEU,1996-04-01,8.766666,1.393578033
FRA,1996-04-01,12.36667,0.192828387
GBR,1996-04-01,8.3,0.307105959
ITA,1996-04-01,11.3,0.166945861
JPN,1996-04-01,3.4,1.271979988
KOR,1996-04-01,2.033333,1.925877662
USA,1996-04-01,5.5,1.667944102
CAN,1996-07-01,9.666667,0.839886836
DEU,1996-07-01,9.0,0.346946052
FRA,1996-07-01,12.43333,0.386020355
GBR,1996-07-01,8.1,0.92242232
ITA,1996-07-01,11.1,0.197761396
JPN,1996-07-01,3.333333,0.124404797
KOR,1996-07-01,2.033333,1.845726297
USA,1996-07-01,5.266667,0.897033741
CAN,1996-10-01,9.833333,0.792291038
DEU,1996-10-01,9.3,0.904255564
FRA,1996-10-01,12.5,0.384653155
GBR,1996-10-01,7.8,1.395489938
ITA,1996-10-01,11.2,-0.344125936
JPN,1996-10-01,3.366667,1.119837112
KOR,1996-10-01,2.2,1.756402216
USA,1996-10-01,5.333333,1.03836953
CAN,1997-01-01,9.433333,1.339911843
DEU,1997-01-01,9.533334,-0.47436845
FRA,1997-01-01,12.5,0.426885772
GBR,1997-01-01,7.3,1.598248831
ITA,1997-01-01,11.26667,0.288394593
JPN,1997-01-01,3.333333,0.233166345
KOR,1997-01-01,2.666667,0.482612081
USA,1997-01-01,5.233333,0.645443199
CAN,1997-04-01,9.3,1.125352076
DEU,1997-04-01,9.7,1.125533836
FRA,1997-04-01,12.4,1.049612486
GBR,1997-04-01,7.2,1.129364742
ITA,1997-04-01,11.4,1.582808926
JPN,1997-04-01,3.333333,-0.723728205
KOR,1997-04-01,2.566667,3.509359903
USA,1997-04-01,5.0,1.665217831
CAN,1997-07-01,8.866667,1.18550429
DEU,1997-07-01,9.7,0.353542353
FRA,1997-07-01,12.33333,0.994352986
GBR,1997-07-01,6.8,0.856915304
ITA,1997-07-01,11.0,0.467943222
JPN,1997-07-01,3.433333,0.189539415
KOR,1997-07-01,2.433333,0.97804288
USA,1997-07-01,4.866667,1.248568975
CAN,1997-10-01,8.766666,0.966392765
DEU,1997-10-01,9.7,0.743728178
FRA,1997-10-01,12.16667,0.988207797
GBR,1997-10-01,6.5,1.509995484
ITA,1997-10-01,11.3,1.480611279
JPN,1997-10-01,3.5,0.040209315
KOR,1997-10-01,2.8,-0.611376842
USA,1997-10-01,4.666667,0.853860273
CAN,1998-01-01,8.6,1.411990072
DEU,1998-01-01,9.666667,0.984394024
FRA,1998-01-01,12.03333,0.958484327
GBR,1998-01-01,6.4,0.735379918
ITA,1998-01-01,11.1,-0.505216156
JPN,1998-01-01,3.666667,-1.235887079
KOR,1998-01-01,4.966667,-6.71414048
USA,1998-01-01,4.633333,1.003753132
CAN,1998-04-01,8.333333,0.052954114
DEU,1998-04-01,9.5,-0.461722236
FRA,1998-04-01,12.06667,0.716077
GBR,1998-04-01,6.3,0.611037775
ITA,1998-04-01,11.5,0.600603124
JPN,1998-04-01,4.066667,-0.417824727
KOR,1998-04-01,7.033333,-0.780282186
USA,1998-04-01,4.4,0.92568788
CAN,1998-07-01,8.2,0.911198725
DEU,1998-07-01,9.3,0.463862505
FRA,1998-07-01,12.1,0.517227801
GBR,1998-07-01,6.2,0.332206789
ITA,1998-07-01,11.3,0.076802001
JPN,1998-07-01,4.266667,0.173375217
KOR,1998-07-01,8.133333,1.956847425
USA,1998-07-01,4.533333,1.258940271
CAN,1998-10-01,8.033334,1.354959227
DEU,1998-10-01,9.066667,-0.025647105
FRA,1998-10-01,12.0,0.68554403
GBR,1998-10-01,6.1,0.664604321
ITA,1998-10-01,11.43333,-0.313315827
JPN,1998-10-01,4.4,0.803203113
KOR,1998-10-01,7.966667,2.492613989
USA,1998-10-01,4.433333,1.609196571
CAN,1999-01-01,7.9,1.805546006
DEU,1999-01-01,8.833333,1.186675901
FRA,1999-01-01,11.93333,0.688044134
GBR,1999-01-01,6.2,0.665203741
ITA,1999-01-01,11.1,0.482240151
JPN,1999-01-01,4.6,-1.385026296
KOR,1999-01-01,7.4,3.105763251
USA,1999-01-01,4.3,0.939433749
CAN,1999-04-01,7.9,0.824757342
DEU,1999-04-01,8.633333,-0.126790603
FRA,1999-04-01,11.53333,0.648444927
GBR,1999-04-01,6.0,0.482453554
ITA,1999-04-01,11.06667,0.388930805
JPN,1999-04-01,4.733333,0.394154421
KOR,1999-04-01,7.033333,4.338265155
USA,1999-04-01,4.266667,0.834742896
CAN,1999-07-01,7.5,1.567445313
DEU,1999-07-01,8.466666,1.345691309
FRA,1999-07-01,11.13333,1.473037182
GBR,1999-07-01,5.9,1.629413974
ITA,1999-07-01,10.93333,1.040087332
JPN,1999-07-01,4.7,0.528626568
KOR,1999-07-01,6.366667,2.872370775
USA,1999-07-01,4.233333,1.32588323
CAN,1999-10-01,6.966667,1.40094457
DEU,1999-10-01,8.3,0.476006835
FRA,1999-10-01,10.66667,1.416269428
GBR,1999-10-01,5.8,1.439957492
ITA,1999-10-01,10.66667,1.480650405
JPN,1999-10-01,4.633333,0.031568193
KOR,1999-10-01,5.266667,2.677285403
USA,1999-10-01,4.066667,1.640667087
CAN,2000-01-01,6.866667,1.565720708
DEU,2000-01-01,8.133333,1.580150666
FRA,2000-01-01,10.23333,1.013098333
GBR,2000-01-01,5.8,1.240511691
ITA,2000-01-01,10.56667,1.228285279
JPN,2000-01-01,4.833333,1.726610349
KOR,2000-01-01,4.766667,1.994728015
USA,2000-01-01,4.033333,0.362793409
CAN,2000-04-01,6.666667,1.176951374
DEU,2000-04-01,8.0,0.773194211
FRA,2000-04-01,9.7,1.064132159
GBR,2000-04-01,5.5,0.738966122
ITA,2000-04-01,10.26667,0.658934354
JPN,2000-04-01,4.7,0.448546251
KOR,2000-04-01,4.333333,1.54072843
USA,2000-04-01,3.933333,1.821287813
CAN,2000-07-01,6.9,1.02505509
DEU,2000-07-01,7.9,0.060896393
FRA,2000-07-01,9.266666,0.775417716
GBR,2000-07-01,5.3,0.639312231
ITA,2000-07-01,9.966666,0.904198004
JPN,2000-07-01,4.666667,0.028270636
KOR,2000-07-01,4.233333,2.74589115
USA,2000-07-01,4.0,0.101932586
CAN,2000-10-01,6.9,0.197776532
DEU,2000-10-01,7.766667,-0.425999798
FRA,2000-10-01,8.9,0.564539376
GBR,2000-10-01,5.2,0.612175163
ITA,2000-10-01,9.6,0.968959246
JPN,2000-10-01,4.733333,0.965180752
KOR,2000-10-01,4.2,-0.332208918
USA,2000-10-01,3.9,0.597038793
CAN,2001-01-01,7.0,0.562892178
DEU,2001-01-01,7.666667,2.154390815
FRA,2001-01-01,8.7,0.579288236
GBR,2001-01-01,5.1,0.933515935
ITA,2001-01-01,9.366667,0.786857911
JPN,2001-01-01,4.766667,0.745712768
KOR,2001-01-01,4.533333,1.005950101
USA,2001-01-01,4.233333,-0.327798808
CAN,2001-04-01,7.1,0.31448597
DEU,2001-04-01,7.666667,-0.28718382
FRA,2001-04-01,8.733334,0.046011511
GBR,2001-04-01,5.0,0.423876945
ITA,2001-04-01,9.133333,-0.066781986
JPN,2001-04-01,4.9,-0.753565861
KOR,2001-04-01,3.933333,1.507891462
USA,2001-04-01,4.4,0.62450293
CAN,2001-07-01,7.166667,-0.070291492
DEU,2001-07-01,7.833333,-0.012008399
FRA,2001-07-01,8.8,0.51261676
GBR,2001-07-01,5.1,0.521300205
ITA,2001-07-01,9.033334,-0.385121268
JPN,2001-07-01,5.133333,-1.077947652
KOR,2001-07-01,3.733333,1.273614314
USA,2001-07-01,4.833333,-0.400639195
CAN,2001-10-01,7.633333,0.5997524
DEU,2001-10-01,8.033334,-0.300047022
FRA,2001-10-01,8.8,-0.429116274
GBR,2001-10-01,5.2,0.300422496
ITA,2001-10-01,8.866667,-0.144562453
JPN,2001-10-01,5.366667,-0.356040067
KOR,2001-10-01,3.7,1.519969154
USA,2001-10-01,5.5,0.274775448
CAN,2002-01-01,7.933333,1.462187363
DEU,2002-01-01,8.166667,-0.424314576
FRA,2002-01-01,8.766666,0.579092398
GBR,2002-01-01,5.2,0.279237987
ITA,2002-01-01,8.533334,0.124890643
JPN,2002-01-01,5.266667,0.177728822
KOR,2002-01-01,3.466667,2.78557166
USA,2002-01-01,5.7,0.836358656
CAN,2002-04-01,7.7,0.590842968
DEU,2002-04-01,8.4,0.350582442
FRA,2002-04-01,8.633333,0.502432136
GBR,2002-04-01,5.2,0.481387912
ITA,2002-04-01,8.833333,0.276455629
JPN,2002-04-01,5.4,0.798183971
KOR,2002-04-01,3.266667,1.90357915
USA,2002-04-01,5.833333,0.612706584
CAN,2002-07-01,7.533333,0.864710004
DEU,2002-07-01,8.733334,0.686661654
FRA,2002-07-01,8.6,0.376811166
GBR,2002-07-01,5.3,0.715731312
ITA,2002-07-01,8.6,0.174426447
JPN,2002-07-01,5.433333,0.331814144
KOR,2002-07-01,3.133333,1.857291975
USA,2002-07-01,5.733333,0.40651143
CAN,2002-10-01,7.566667,0.549240541
DEU,2002-10-01,9.1,-0.263220727
FRA,2002-10-01,8.566667,0.109068208
GBR,2002-10-01,5.1,0.770184381
ITA,2002-10-01,8.466666,0.578087467
JPN,2002-10-01,5.333333,0.26971137
KOR,2002-10-01,3.1,0.944398122
USA,2002-10-01,5.866667,0.123605053
CAN,2003-01-01,7.466667,0.556372989
DEU,2003-01-01,9.5,-1.343573392
FRA,2003-01-01,8.3,0.299541285
GBR,2003-01-01,5.2,0.729691348
ITA,2003-01-01,8.733334,-0.418020773
JPN,2003-01-01,5.333333,0.061907984
KOR,2003-01-01,3.266667,-0.537339907
USA,2003-01-01,5.866667,0.526641986
CAN,2003-04-01,7.666667,-0.145041357
DEU,2003-04-01,9.733334,0.121597449
FRA,2003-04-01,8.5,-0.415844215
GBR,2003-04-01,4.9,0.87879721
ITA,2003-04-01,8.466666,-0.17627702
JPN,2003-04-01,5.433333,0.678024475
KOR,2003-04-01,3.533333,0.066122927
USA,2003-04-01,6.133333,0.885621673
CAN,2003-07-01,7.8,0.373863441
DEU,2003-07-01,9.8,0.910854965
FRA,2003-07-01,8.466666,1.038066412
GBR,2003-07-01,5.0,0.91807323
ITA,2003-07-01,8.4,-0.244857322
JPN,2003-07-01,5.166667,0.311337511
KOR,2003-07-01,3.666667,1.59907552
USA,2003-07-01,6.133333,1.663199957
CAN,2003-10-01,7.433333,0.687422999
DEU,2003-10-01,9.8,0.12035771
FRA,2003-10-01,8.833333,0.362381869
GBR,2003-10-01,4.9,0.840787451
ITA,2003-10-01,8.2,0.93980041
JPN,2003-10-01,5.033333,1.085913552
KOR,2003-10-01,3.8,2.549873997
USA,2003-10-01,5.833333,1.160721398
CAN,2004-01-01,7.3,0.727147736
DEU,2004-01-01,10.06667,-0.123205631
FRA,2004-01-01,8.9,1.071141951
GBR,2004-01-01,4.8,0.398931557
ITA,2004-01-01,8.2,0.417668082
JPN,2004-01-01,4.9,0.755363359
KOR,2004-01-01,3.5,1.423021223
USA,2004-01-01,5.7,0.566651454
CAN,2004-04-01,7.166667,1.184860318
DEU,2004-04-01,10.3,0.565648644
FRA,2004-04-01,8.8,0.436999243
GBR,2004-04-01,4.8,0.57112196
ITA,2004-04-01,8.033334,0.256334323
JPN,2004-04-01,4.733333,-0.017518786
KOR,2004-04-01,3.6,0.833916713
USA,2004-04-01,5.6,0.774952324
CAN,2004-07-01,7.0,1.18232632
DEU,2004-07-01,10.36667,-0.323122001
FRA,2004-07-01,8.833333,0.378600432
GBR,2004-07-01,4.7,0.36740336
ITA,2004-07-01,7.833333,0.070878912
JPN,2004-07-01,4.766667,0.623152132
KOR,2004-07-01,3.733333,0.255832479
USA,2004-07-01,5.433333,0.948593889
CAN,2004-10-01,7.133333,0.721715122
DEU,2004-10-01,10.6,-0.048020568
FRA,2004-10-01,8.933333,0.892082804
GBR,2004-10-01,4.7,0.478815726
ITA,2004-10-01,8.0,0.256893046
JPN,2004-10-01,4.533333,-0.187069631
KOR,2004-10-01,3.766667,0.819643174
USA,2004-10-01,5.433333,1.020208129
CAN,2005-01-01,6.933333,0.350202804
DEU,2005-01-01,10.83333,0.186155869
FRA,2005-01-01,8.633333,0.258659476
GBR,2005-01-01,4.7,0.737846179
ITA,2005-01-01,7.9,-0.181325693
JPN,2005-01-01,4.533333,0.504782263
KOR,2005-01-01,3.666667,0.936109216
USA,2005-01-01,5.3,1.109363354
CAN,2005-04-01,6.833333,0.72275167
DEU,2005-04-01,11.2,0.551561444
FRA,2005-04-01,8.8,0.256983927
GBR,2005-04-01,4.8,0.836280739
ITA,2005-04-01,7.766667,0.862442295
JPN,2005-04-01,4.433333,0.774984532
KOR,2005-04-01,3.733333,1.874977298
USA,2005-04-01,5.1,0.492624455
CAN,2005-07-01,6.7,1.211889602
DEU,2005-07-01,11.16667,0.822803896
FRA,2005-07-01,8.966666,0.763738701
GBR,2005-07-01,4.7,0.833685141
ITA,2005-07-01,7.666667,0.531385639
JPN,2005-07-01,4.3,1.01661994
KOR,2005-07-01,3.833333,1.403842677
USA,2005-07-01,4.966667,0.783814035
CAN,2005-10-01,6.533333,0.993155151
DEU,2005-10-01,10.86667,0.378469061
FRA,2005-10-01,9.1,0.695432396
GBR,2005-10-01,5.1,0.939678987
ITA,2005-10-01,7.7,0.466275082
JPN,2005-10-01,4.433333,0.185801419
KOR,2005-10-01,3.7,1.147429221
USA,2005-10-01,4.966667,0.55551654
CAN,2006-01-01,6.6,0.811906
DEU,2006-01-01,10.53333,1.11636008
FRA,2006-01-01,9.166667,0.836792933
GBR,2006-01-01,5.2,0.496186535
ITA,2006-01-01,7.333333,0.26150083
JPN,2006-01-01,4.2,0.148880521
KOR,2006-01-01,3.466667,1.589672772
USA,2006-01-01,4.733333,1.345383768
CAN,2006-04-01,6.333333,0.050006824
DEU,2006-04-01,10.2,1.701230664
FRA,2006-04-01,8.933333,1.209824511
GBR,2006-04-01,5.5,0.351594519
ITA,2006-04-01,6.933333,0.369974935
JPN,2006-04-01,4.133333,0.148523858
KOR,2006-04-01,3.466667,0.721729777
USA,2006-04-01,4.633333,0.258752763
CAN,2006-07-01,6.5,0.281497219
DEU,2006-07-01,9.9,0.779107878
FRA,2006-07-01,8.9,0.104518195
GBR,2006-07-01,5.5,0.280982015
ITA,2006-07-01,6.666667,0.314744255
JPN,2006-07-01,4.1,-0.19760942
KOR,2006-07-01,3.5,1.56726429
USA,2006-07-01,4.633333,0.149955926
CAN,2006-10-01,6.366667,0.398230459
DEU,2006-10-01,9.566667,1.455206343
FRA,2006-10-01,8.366667,0.540917317
GBR,2006-10-01,5.5,0.534516463
ITA,2006-10-01,6.533333,1.413070302
JPN,2006-10-01,4.033333,1.367086815
KOR,2006-10-01,3.5,0.830504501
USA,2006-10-01,4.433333,0.859449801
CAN,2007-01-01,6.333333,0.638206425
DEU,2007-01-01,9.066667,0.131693934
FRA,2007-01-01,8.466666,1.069314458
GBR,2007-01-01,5.5,0.920565264
ITA,2007-01-01,6.166667,-0.208832717
JPN,2007-01-01,4.0,0.64608243
KOR,2007-01-01,3.2,1.772710793
USA,2007-01-01,4.5,0.300835667
CAN,2007-04-01,6.2,0.96572296
DEU,2007-04-01,8.666667,0.660246958
FRA,2007-04-01,8.1,0.637909779
GBR,2007-04-01,5.4,0.715718609
ITA,2007-04-01,5.966667,0.289289567
JPN,2007-04-01,3.766667,0.033843931
KOR,2007-04-01,3.3,1.692824692
USA,2007-04-01,4.5,0.611761958
CAN,2007-07-01,6.0,0.374681048
DEU,2007-07-01,8.433333,0.5002773
FRA,2007-07-01,8.0,0.29419214
GBR,2007-07-01,5.3,0.724886391
ITA,2007-07-01,6.233333,0.033476736
JPN,2007-07-01,3.733333,-0.54054259
KOR,2007-07-01,3.3,1.184137224
USA,2007-07-01,4.666667,0.576025796
CAN,2007-10-01,6.1,0.131432874
DEU,2007-10-01,8.2,0.741148741
FRA,2007-10-01,7.5,0.048204073
GBR,2007-10-01,5.2,0.596962678
ITA,2007-10-01,6.433333,-0.210828687
JPN,2007-10-01,3.833333,0.451569478
KOR,2007-10-01,3.266667,1.969089326
USA,2007-10-01,4.8,0.628236732
CAN,2008-01-01,6.133333,0.075036988
DEU,2008-01-01,7.9,0.60948818
FRA,2008-01-01,7.1,0.862224896
GBR,2008-01-01,5.2,0.471256326
ITA,2008-01-01,6.6,1.025615078
JPN,2008-01-01,3.9,0.364036689
KOR,2008-01-01,2.966667,0.75396785
USA,2008-01-01,5.0,-0.426764321
CAN,2008-04-01,6.166667,0.364362857
DEU,2008-04-01,7.566667,-0.360175174
FRA,2008-04-01,7.333333,-0.691403248
GBR,2008-04-01,5.4,-0.531683628
ITA,2008-04-01,6.866667,-0.934821211
JPN,2008-04-01,3.966667,-0.605610846
KOR,2008-04-01,3.133333,0.363998725
USA,2008-04-01,5.333333,0.595428262
CAN,2008-07-01,6.233333,0.821739528
DEU,2008-07-01,7.133333,-0.547704622
FRA,2008-07-01,7.5,-0.223892133
GBR,2008-07-01,5.9,-1.537085261
ITA,2008-07-01,6.733333,-1.48764198
JPN,2008-07-01,4.0,-1.239711071
KOR,2008-07-01,3.233333,0.663723551
USA,2008-07-01,6.0,-0.525258051
CAN,2008-10-01,6.7,-1.160303228
DEU,2008-10-01,7.0,-1.542019672
FRA,2008-10-01,7.8,-1.216321186
GBR,2008-10-01,6.4,-2.142323732
ITA,2008-10-01,6.966667,-2.295061456
JPN,2008-10-01,4.066667,-2.458130293
KOR,2008-10-01,3.366667,-3.373817487
USA,2008-10-01,6.866667,-2.189026595
CAN,2009-01-01,8.0,-2.256581424
DEU,2009-01-01,7.133333,-4.701142883
FRA,2009-01-01,8.6,-1.958935301
GBR,2009-01-01,7.1,-2.034484747
ITA,2009-01-01,7.466667,-2.446056126
JPN,2009-01-01,4.566667,-4.834309878
KOR,2009-01-01,3.4,0.26371824
USA,2009-01-01,8.266666,-1.134874297
CAN,2009-04-01,8.633333,-1.07869505
DEU,2009-04-01,7.333333,0.269988626
FRA,2009-04-01,9.166667,0.166252954
GBR,2009-04-01,7.8,-0.321203345
ITA,2009-04-01,7.6,-0.584763575
JPN,2009-04-01,5.1,1.976994975
KOR,2009-04-01,3.833333,1.351865579
USA,2009-04-01,9.3,-0.178650951
CAN,2009-07-01,8.666667,0.447240509
DEU,2009-07-01,7.366667,0.59705319
FRA,2009-07-01,9.2,0.173373394
GBR,2009-07-01,7.8,0.076573447
ITA,2009-07-01,8.033334,0.250315888
JPN,2009-07-01,5.433333,-0.043288088
KOR,2009-07-01,3.766667,3.050657249
USA,2009-07-01,9.633333,0.351192395
CAN,2009-10-01,8.6,1.161898977
DEU,2009-10-01,7.133333,0.779699855
FRA,2009-10-01,9.533334,0.811312233
GBR,2009-10-01,7.8,0.293274167
ITA,2009-10-01,8.4,0.249646225
JPN,2009-10-01,5.2,1.241265878
KOR,2009-10-01,3.633333,0.732493087
USA,2009-10-01,9.933333,1.080913651
CAN,2010-01-01,8.366667,1.211533092
DEU,2010-01-01,6.966667,0.718761767
FRA,2010-01-01,9.4,0.234646368
GBR,2010-01-01,8.0,0.922945975
ITA,2010-01-01,8.633333,0.470971038
JPN,2010-01-01,5.033333,1.030158799
KOR,2010-01-01,4.1,2.342948248
USA,2010-01-01,9.833333,0.484500951
CAN,2010-04-01,8.133333,0.523642872
DEU,2010-04-01,6.666667,2.178393489
FRA,2010-04-01,9.266666,0.494004977
GBR,2010-04-01,7.9,1.075214489
ITA,2010-04-01,8.633333,0.640000426
JPN,2010-04-01,5.133333,1.224071158
KOR,2010-04-01,3.433333,1.615711536
USA,2010-04-01,9.633333,0.967586118
CAN,2010-07-01,8.2,0.700042554
DEU,2010-07-01,6.366667,0.964989631
FRA,2010-07-01,9.2,0.666317944
GBR,2010-07-01,7.8,0.585432817
ITA,2010-07-01,8.366667,0.270373956
JPN,2010-07-01,5.066667,1.799456201
KOR,2010-07-01,3.7,1.016767776
USA,2010-07-01,9.466666,0.771084936
CAN,2010-10-01,7.933333,1.121801791
DEU,2010-10-01,6.2,0.655703596
FRA,2010-10-01,9.2,0.620977397
GBR,2010-10-01,7.9,0.065370346
ITA,2010-10-01,8.4,0.873968406
JPN,2010-10-01,5.0,-0.802188031
KOR,2010-10-01,3.566667,1.411558415
USA,2010-10-01,9.5,0.525110261
CAN,2011-01-01,7.8,0.761595519
DEU,2011-01-01,5.866667,1.807904521
FRA,2011-01-01,9.166667,1.298824208
GBR,2011-01-01,7.8,0.275063752
ITA,2011-01-01,8.133333,0.503307665
JPN,2011-01-01,4.733333,-1.077403013
KOR,2011-01-01,3.666667,0.95476862
USA,2011-01-01,9.033334,-0.237204897
CAN,2011-04-01,7.733333,0.181517907
DEU,2011-04-01,5.566667,0.271119948
FRA,2011-04-01,9.133333,-0.012727226
GBR,2011-04-01,7.9,0.088198036
ITA,2011-04-01,8.166667,-0.188520934
JPN,2011-04-01,4.666667,-0.845836645
KOR,2011-04-01,3.333333,0.434067299
USA,2011-04-01,9.066667,0.676582293
CAN,2011-07-01,7.433333,1.368249361
DEU,2011-07-01,5.433333,0.540772496
FRA,2011-07-01,9.2,0.359122704
GBR,2011-07-01,8.3,0.307564644
ITA,2011-07-01,8.633333,-0.429108069
JPN,2011-07-01,4.466667,2.415879505
KOR,2011-07-01,3.3,0.462534713
USA,2011-07-01,9.0,-0.022312736
CAN,2011-10-01,7.533333,0.79472209
DEU,2011-10-01,5.233333,6.237e-06
FRA,2011-10-01,9.366667,0.306507164
GBR,2011-10-01,8.4,0.125988077
ITA,2011-10-01,9.366667,-0.958198882
JPN,2011-10-01,4.466667,-0.113971464
KOR,2011-10-01,3.233333,0.670634739
USA,2011-10-01,8.633333,1.123049057
CAN,2012-01-01,7.566667,0.0631303
DEU,2012-01-01,5.1,0.215137554
FRA,2012-01-01,9.5,0.026269822
GBR,2012-01-01,8.2,0.872089718
ITA,2012-01-01,10.2,-1.141916019
JPN,2012-01-01,4.5,1.383999679
KOR,2012-01-01,3.3,0.95605397
USA,2012-01-01,8.266666,0.83859082
CAN,2012-04-01,7.466667,0.325071067
DEU,2012-04-01,5.1,0.096607428
FRA,2012-04-01,9.666667,-0.433425767
GBR,2012-04-01,8.0,-0.119669359
ITA,2012-04-01,10.73333,-0.75821179
JPN,2012-04-01,4.4,-0.924516948
KOR,2012-04-01,3.2,0.422183607
USA,2012-04-01,8.2,0.446334746
CAN,2012-07-01,7.366667,0.136854471
DEU,2012-07-01,5.033333,0.214478461
FRA,2012-07-01,9.733334,0.227248788
GBR,2012-07-01,7.8,0.951166434
ITA,2012-07-01,11.03333,-0.689636607
JPN,2012-07-01,4.233333,-0.388000508
KOR,2012-07-01,3.166667,0.445839454
USA,2012-07-01,8.033334,0.144027997
CAN,2012-10-01,7.366667,0.205799023
DEU,2012-10-01,5.0,-0.33172752
FRA,2012-10-01,10.16667,0.007105709
GBR,2012-10-01,7.8,-0.099120584
ITA,2012-10-01,11.6,-0.706940235
JPN,2012-10-01,4.166667,-0.037708451
KOR,2012-10-01,3.133333,0.744507238
USA,2012-10-01,7.8,0.115640554
CAN,2013-01-01,7.166667,0.89511833
DEU,2013-01-01,5.066667,-0.55564062
FRA,2013-01-01,10.4,0.078946717
GBR,2013-01-01,7.8,0.333092124
ITA,2013-01-01,12.1,-0.90423701
JPN,2013-01-01,4.2,1.340561088
KOR,2013-01-01,3.133333,0.793144005
USA,2013-01-01,7.733333,0.986560664
CAN,2013-04-01,7.166667,0.575888641
DEU,2013-04-01,4.966667,1.209235284
FRA,2013-04-01,10.43333,0.872742393
GBR,2013-04-01,7.7,0.671407912
ITA,2013-04-01,12.33333,-0.005464
JPN,2013-04-01,4.033333,0.915549159
KOR,2013-04-01,3.033333,1.130007243
USA,2013-04-01,7.533333,0.267636335
CAN,2013-07-01,7.233333,0.82231197
DEU,2013-07-01,4.9,0.501387858
FRA,2013-07-01,10.23333,-0.023252043
GBR,2013-07-01,7.6,0.826830826
ITA,2013-07-01,12.43333,0.325148747
JPN,2013-07-01,3.933333,0.961955498
KOR,2013-07-01,3.133333,1.003014889
USA,2013-07-01,7.233333,0.851393569
CAN,2013-10-01,7.266667,1.046569427
DEU,2013-10-01,4.833333,0.116766484
FRA,2013-10-01,10.16667,0.723675234
GBR,2013-10-01,7.2,0.667504175
ITA,2013-10-01,12.6,-0.083117701
JPN,2013-10-01,3.866667,-0.094914602
KOR,2013-10-01,3.133333,0.876173147
USA,2013-10-01,6.933333,0.871741753
CAN,2014-01-01,7.233333,0.168994293
DEU,2014-01-01,4.8,1.044277101
FRA,2014-01-01,10.2,-0.096399631
GBR,2014-01-01,6.7,0.813885165
ITA,2014-01-01,12.9,-0.043815097
JPN,2014-01-01,3.666667,0.760414238
KOR,2014-01-01,3.366667,0.767037946
USA,2014-01-01,6.666667,-0.345095985
CAN,2014-04-01,7.2,0.911555413
DEU,2014-04-01,4.733333,0.031478092
FRA,2014-04-01,10.13333,0.15323779
GBR,2014-04-01,6.3,0.928935027
ITA,2014-04-01,12.56667,0.048279601
JPN,2014-04-01,3.633333,-1.778760857
KOR,2014-04-01,3.533333,0.949353005
USA,2014-04-01,6.2,1.291842129
CAN,2014-07-01,7.033333,0.958574349
DEU,2014-07-01,4.7,0.513945917
FRA,2014-07-01,10.26667,0.603165311
GBR,2014-07-01,6.0,0.780039011
ITA,2014-07-01,12.76667,0.021688998
JPN,2014-07-01,3.566667,0.095273413
KOR,2014-07-01,3.533333,0.25759031
USA,2014-07-01,6.066667,1.215391409
CAN,2014-10-01,6.766667,0.691167613
DEU,2014-10-01,4.633333,0.740900735
FRA,2014-10-01,10.46667,-0.198563867
GBR,2014-10-01,5.7,0.696299765
ITA,2014-10-01,12.9,-0.103681613
JPN,2014-10-01,3.466667,0.476843646
KOR,2014-10-01,3.566667,0.532494389
USA,2014-10-01,5.7,0.505733136
CAN,2015-01-01,6.866667,-0.55677898
DEU,2015-01-01,4.5,-0.225276966
FRA,2015-01-01,10.36667,0.568257754
GBR,2015-01-01,5.5,0.269723177
ITA,2015-01-01,12.46667,0.351205495
JPN,2015-01-01,3.5,1.501510124
KOR,2015-01-01,3.533333,0.864458364
USA,2015-01-01,5.533333,0.900484978
CAN,2015-04-01,6.933333,-0.272994458
DEU,2015-04-01,4.4,0.61253434
FRA,2015-04-01,10.43333,0.045999731
GBR,2015-04-01,5.6,0.618993236
ITA,2015-04-01,12.3,0.393923267
JPN,2015-04-01,3.366667,0.165108815
KOR,2015-04-01,3.7,0.430065586
USA,2015-04-01,5.433333,0.619405087
CAN,2015-07-01,7.066667,0.358097519
DEU,2015-07-01,4.3,0.464348079
FRA,2015-07-01,10.3,0.265661614
GBR,2015-07-01,5.3,0.377702458
ITA,2015-07-01,11.63333,0.038518803
JPN,2015-07-01,3.366667,0.114672209
KOR,2015-07-01,3.633333,1.48357306
USA,2015-07-01,5.1,0.400245061
CAN,2015-10-01,7.133333,0.066272079
DEU,2015-10-01,4.233333,0.462205427
FRA,2015-10-01,10.26667,0.231582586
GBR,2015-10-01,5.1,0.562247319
ITA,2015-10-01,11.66667,0.530413248
JPN,2015-10-01,3.266667,-0.171922642
KOR,2015-10-01,3.533333,0.772851603
USA,2015-10-01,5.033333,0.184479126
CAN,2016-01-01,7.233333,0.591683798
DEU,2016-01-01,4.133333,0.968728208
FRA,2016-01-01,10.3,0.402277517
GBR,2016-01-01,5.1,0.353245639
ITA,2016-01-01,11.63333,0.176640753
JPN,2016-01-01,3.233333,0.736558518
KOR,2016-01-01,3.733333,0.382722823
USA,2016-01-01,4.9,0.579519406
CAN,2016-04-01,7.133333,-0.498133929
DEU,2016-04-01,4.0,0.324015883
FRA,2016-04-01,10.03333,-0.249140681
GBR,2016-04-01,4.9,0.564203341
ITA,2016-04-01,11.7,0.274136934
JPN,2016-04-01,3.166667,-0.161437152
KOR,2016-04-01,3.566667,1.253891524
USA,2016-04-01,4.933333,0.321124068
CAN,2016-07-01,6.966667,1.03778381
DEU,2016-07-01,3.866667,0.302792673
FRA,2016-07-01,9.866667,0.125763546
GBR,2016-07-01,4.8,0.423906765
ITA,2016-07-01,11.7,0.710010184
JPN,2016-07-01,3.033333,0.222196386
KOR,2016-07-01,3.866667,0.38946753
USA,2016-07-01,4.9,0.709390255
CAN,2016-10-01,6.866667,0.561022275
DEU,2016-10-01,3.733333,0.402489252
FRA,2016-10-01,10.06667,0.523277523
GBR,2016-10-01,4.7,0.617899279
ITA,2016-10-01,11.83333,0.378398227
JPN,2016-10-01,3.0,0.134449752
KOR,2016-10-01,3.6,0.772594568
USA,2016-10-01,4.766667,0.554299113
CAN,2017-01-01,6.733333,1.258206055
DEU,2017-01-01,3.7,1.197648729
FRA,2017-01-01,9.633333,0.677004482
GBR,2017-01-01,4.6,0.839219917
ITA,2017-01-01,11.6,0.447504993
JPN,2017-01-01,2.9,0.76870514
KOR,2017-01-01,3.7,1.119285085
USA,2017-01-01,4.566667,0.48689021
CAN,2017-04-01,6.533333,1.052553159
DEU,2017-04-01,3.6,0.871543747
FRA,2017-04-01,9.5,0.892668667
GBR,2017-04-01,4.4,0.631368571
ITA,2017-04-01,11.3,0.388067474
JPN,2017-04-01,2.866667,0.394397789
KOR,2017-04-01,3.666667,0.737799969
USA,2017-04-01,4.366667,0.559872562
CAN,2017-07-01,6.233333,0.031402141
DEU,2017-07-01,3.5,0.697110967
FRA,2017-07-01,9.466666,0.741514913
GBR,2017-07-01,4.3,0.632756914
ITA,2017-07-01,11.3,0.170494376
JPN,2017-07-01,2.8,0.874032171
KOR,2017-07-01,3.733333,1.379736918
USA,2017-07-01,4.333333,0.788524131
CAN,2017-10-01,6.166667,0.507360861
DEU,2017-10-01,3.433333,0.95553187
FRA,2017-10-01,9.033334,0.618511163
GBR,2017-10-01,4.4,0.736758694
ITA,2017-10-01,11.0,0.59662997
JPN,2017-10-01,2.7,0.061706871
KOR,2017-10-01,3.633333,-0.227556473
USA,2017-10-01,4.166667,1.127046627
CAN,2018-01-01,5.9,1.162519794
DEU,2018-01-01,3.3,-0.48533748
FRA,2018-01-01,9.266666,-0.080124651
GBR,2018-01-01,4.2,0.0641495
ITA,2018-01-01,10.9,-0.176736899
JPN,2018-01-01,2.466667,0.071282587
KOR,2018-01-01,3.7,1.453027881
USA,2018-01-01,4.033333,0.813409802
CAN,2018-04-01,5.9,0.780038215
DEU,2018-04-01,3.233333,0.727874071
FRA,2018-04-01,9.1,0.202642843
GBR,2018-04-01,4.0,0.163154989
ITA,2018-04-01,10.76667,0.206634986
JPN,2018-04-01,2.366667,0.384745506
KOR,2018-04-01,3.733333,0.784767624
USA,2018-04-01,3.933333,0.530825141
CAN,2018-07-01,5.9,0.504422861
DEU,2018-07-01,3.2,-0.722615466
FRA,2018-07-01,8.933333,0.506432711
GBR,2018-07-01,4.1,0.308995928
ITA,2018-07-01,10.23333,-0.00398916
JPN,2018-07-01,2.433333,-0.4993151
KOR,2018-07-01,4.166667,0.520126796
USA,2018-07-01,3.766667,0.623697425
CAN,2018-10-01,5.633333,0.235568646
DEU,2018-10-01,3.1,0.630823827
FRA,2018-10-01,8.8,0.79548669
GBR,2018-10-01,4.0,0.135814964
ITA,2018-10-01,10.5,0.297511147
JPN,2018-10-01,2.466667,-0.235021528
KOR,2018-10-01,3.8,0.568468536
USA,2018-10-01,3.833333,0.141644219
CAN,2019-01-01,5.766667,0.240663338
DEU,2019-01-01,3.033333,0.559355265
FRA,2019-01-01,8.733334,0.829585706
GBR,2019-01-01,3.8,0.729752441
ITA,2019-01-01,10.4,0.215527274
JPN,2019-01-01,2.466667,0.23655192
KOR,2019-01-01,3.866667,0.057965864
USA,2019-01-01,3.866667,0.624318082
CAN,2019-04-01,5.6,1.094764819
DEU,2019-04-01,2.933333,0.067140801
FRA,2019-04-01,8.466666,0.588172874
GBR,2019-04-01,3.9,0.311739758
ITA,2019-04-01,9.966666,0.276146045
JPN,2019-04-01,2.333333,0.443187383
KOR,2019-04-01,3.933333,1.329332707
USA,2019-04-01,3.633333,0.835145841
CAN,2019-07-01,5.666667,0.279623055
DEU,2019-07-01,2.9,0.26834856
FRA,2019-07-01,8.3,0.045809359
GBR,2019-07-01,3.9,0.709083039
ITA,2019-07-01,9.566667,-0.370073158
JPN,2019-07-01,2.333333,0.186319871
KOR,2019-07-01,3.733333,0.214926827
USA,2019-07-01,3.6,1.170001857
CAN,2019-10-01,5.7,0.285513174
DEU,2019-10-01,3.066667,-0.038226736
FRA,2019-10-01,8.2,-0.521564515
GBR,2019-10-01,3.7,0.000321944
ITA,2019-10-01,9.7,-0.371906175
JPN,2019-10-01,2.3,-2.897390079
KOR,2019-10-01,3.533333,1.005187243
USA,2019-10-01,3.6,0.68187787
CAN,2020-01-01,6.6,-1.949937792
DEU,2020-01-01,3.3,-2.201724087
FRA,2020-01-01,7.866667,-5.108550564
GBR,2020-01-01,4.1,-2.657635107
ITA,2020-01-01,8.966666,-5.816474867
JPN,2020-01-01,2.433333,0.54210236
KOR,2020-01-01,3.566667,-1.286403134
USA,2020-01-01,3.833333,-1.392441086
CAN,2020-04-01,13.5,-10.9999385
DEU,2020-04-01,3.6,-8.897151574
FRA,2020-04-01,7.266667,-12.30405358
GBR,2020-04-01,4.1,-20.331757395
ITA,2020-04-01,8.566667,-12.327728911
JPN,2020-04-01,2.733333,-7.607362008
KOR,2020-04-01,4.133333,-2.740164769
USA,2020-04-01,13.0,-7.908965238
CAN,2020-07-01,10.03333,9.083513962
DEU,2020-07-01,3.866667,8.703581745
FRA,2020-07-01,8.866667,15.64635561
GBR,2020-07-01,5.0,16.787921182
ITA,2020-07-01,10.16667,14.407969624
JPN,2020-07-01,2.966667,5.401364953
KOR,2020-07-01,4.0,2.20884611
USA,2020-07-01,8.8,7.83022506
CAN,2020-10-01,8.833333,1.87838191
DEU,2020-10-01,3.9,1.135355242
FRA,2020-10-01,8.1,-0.129547602
GBR,2020-10-01,5.3,1.366751504
ITA,2020-10-01,9.733334,-0.06134302
JPN,2020-10-01,3.066667,1.720530903
KOR,2020-10-01,4.166667,1.574175806
USA,2020-10-01,6.766667,1.084725512
CAN,2021-01-01,8.466666,1.703571827
DEU,2021-01-01,3.9,-1.112757078
FRA,2021-01-01,8.166667,0.370033923
GBR,2021-01-01,4.9,-1.039208329
ITA,2021-01-01,10.13333,1.831139796
JPN,2021-01-01,2.866667,0.295598234
KOR,2021-01-01,4.233333,1.542834929
USA,2021-01-01,6.233333,1.380186139
CAN,2021-04-01,8.133333,-0.117195455
DEU,2021-04-01,3.733333,2.546890314
FRA,2021-04-01,8.033334,1.292655973
GBR,2021-04-01,4.7,7.253933747
ITA,2021-04-01,9.833333,2.346264802
JPN,2021-04-01,2.9,0.649704672
KOR,2021-04-01,3.766667,1.343837296
USA,2021-04-01,5.933333,1.570044874
CAN,2021-07-01,7.166667,2.014508421
DEU,2021-07-01,3.433333,0.038508909
FRA,2021-07-01,7.833333,2.83571938
GBR,2021-07-01,4.4,1.669439154
ITA,2021-07-01,9.1,2.531865135
JPN,2021-07-01,2.766667,-0.435140707
KOR,2021-07-01,3.2,0.033816456
USA,2021-07-01,5.066667,0.852849396
CAN,2021-10-01,6.166667,1.790401837
DEU,2021-10-01,3.266667,0.615859614
FRA,2021-10-01,7.466667,0.593285653
GBR,2021-10-01,4.2,1.48393313
ITA,2021-10-01,8.966666,1.518238582
JPN,2021-10-01,2.733333,1.159555364
KOR,2021-10-01,3.266667,1.593891085
USA,2021-10-01,4.2,1.803158911
CAN,2022-01-01,5.766667,0.85284307
DEU,2022-01-01,3.133333,0.181742689
FRA,2022-01-01,7.333333,-0.169095654
GBR,2022-01-01,3.8,0.72959628
ITA,2022-01-01,8.433333,0.823183743
JPN,2022-01-01,2.7,-0.644875971
KOR,2022-01-01,2.966667,0.483205168
USA,2022-01-01,3.833333,-0.257454468
CAN,2022-04-01,5.166667,0.937556003
DEU,2022-04-01,3.0,-0.019091209
FRA,2022-04-01,7.466667,0.445501307
GBR,2022-04-01,3.8,0.335214711
ITA,2022-04-01,8.133333,1.357588663
JPN,2022-04-01,2.6,1.176170641
KOR,2022-04-01,2.866667,0.797573364
USA,2022-04-01,3.633333,0.070179443
CAN,2022-07-01,5.033333,0.60526662
DEU,2022-07-01,3.033333,0.592001399
FRA,2022-07-01,7.2,0.509220593
GBR,2022-07-01,3.7,0.113899547
ITA,2022-07-01,8.066667,0.256200335
JPN,2022-07-01,2.533333,-0.398523466
KOR,2022-07-01,2.8,0.389517646
USA,2022-07-01,3.533333,0.673208201
CAN,2022-10-01,5.033333,-0.143296488
DEU,2022-10-01,3.066667,-0.512580851
FRA,2022-10-01,7.2,0.107435945
GBR,2022-10-01,3.9,0.327068865
ITA,2022-10-01,7.866667,-0.148579351
JPN,2022-10-01,2.533333,0.28937384
KOR,2022-10-01,2.866667,-0.452035337
USA,2022-10-01,3.566667,0.827827925
CAN,2023-01-01,5.066667,0.966626221
DEU,2023-01-01,2.933333,0.145497371
FRA,2023-01-01,7.1,-0.069618899
GBR,2023-01-01,4.0,0.06056362
ITA,2023-01-01,7.866667,0.632255485
JPN,2023-01-01,2.6,1.183850322
KOR,2023-01-01,2.7,0.439557739
USA,2023-01-01,3.533333,0.692043793
CAN,2023-04-01,5.233333,0.206728216
DEU,2023-04-01,2.933333,-0.152435941
FRA,2023-04-01,7.3,0.72196197
GBR,2023-04-01,4.2,0.041927532
ITA,2023-04-01,7.7,-0.303544119
JPN,2023-04-01,2.533333,0.627512924
KOR,2023-04-01,2.566667,0.551459971
USA,2023-04-01,3.533333,0.606973886
CAN,2023-07-01,5.5,-0.138274522
DEU,2023-07-01,3.033333,0.19084634
FRA,2023-07-01,7.4,0.144970965
GBR,2023-07-01,4.1,-0.05782314
ITA,2023-07-01,7.7,0.013714413
JPN,2023-07-01,2.6,-0.96304779
KOR,2023-07-01,2.666667,0.753329436
USA,2023-07-01,3.666667,1.071522787
CAN,2023-10-01,5.733333,0.175253222
DEU,2023-10-01,3.133333,-0.371429719
FRA,2023-10-01,7.566667,0.485932605
GBR,2023-10-01,3.9,-0.207463974
ITA,2023-10-01,7.466667,0.200999056
JPN,2023-10-01,2.566667,0.021361017
KOR,2023-10-01,2.833333,0.455015552
USA,2023-10-01,3.8,0.788672703
CAN,2024-01-01,5.9,0.454283366
DEU,2024-01-01,3.266667,0.236580599
FRA,2024-01-01,7.466667,0.073918741
GBR,2024-01-01,4.3,0.905987416
ITA,2024-01-01,7.133333,0.340711393
JPN,2024-01-01,2.566667,-0.517903048
KOR,2024-01-01,2.8,1.300111599
USA,2024-01-01,3.833333,0.404802139
CAN,2024-04-01,6.3,0.685492241
DEU,2024-04-01,3.433333,-0.295625472
FRA,2024-04-01,7.366667,0.259204986
GBR,2024-04-01,4.2,0.457771947
ITA,2024-04-01,6.733333,0.075758251
JPN,2024-04-01,2.566667,0.802212651
KOR,2024-04-01,2.8,-0.227645994
USA,2024-04-01,4.0,0.738979623
CAN,2024-07-01,6.566667,0.548758803
DEU,2024-07-01,3.5,0.105209173
FRA,2024-07-01,7.4,0.408241338
GBR,2024-07-01,4.3,0.000779217
ITA,2024-07-01,6.266667,0.012074863
JPN,2024-07-01,2.5,0.355060251
KOR,2024-07-01,2.533333,0.099589484
USA,2024-07-01,4.166667,0.75951048
CAN,2024-10-01,6.733333,0.646764162
DEU,2024-10-01,3.433333,-0.20064671
FRA,2024-10-01,7.333333,-0.10130355
GBR,2024-10-01,4.4,0.095375385
ITA,2024-10-01,6.1,0.135561771
JPN,2024-10-01,2.5,0.556141362
KOR,2024-10-01,3.033333,0.066216254
USA,2024-10-01,4.133333,0.607065022
