Date,KOSPI,FX
2015-01-02,"1,926.44","1,103.50"
2015-01-05,"1,915.75","1,109.90"
2015-01-06,"1,882.45","1,098.80"
2015-01-07,"1,883.83","1,099.90"
2015-01-08,"1,904.65","1,096.90"
2015-01-09,"1,924.70","1,090.00"
2015-01-12,"1,920.95","1,081.40"
2015-01-13,"1,917.14","1,083.50"
2015-01-14,"1,913.66","1,082.20"
2015-01-15,"1,914.14","1,083.30"
2015-01-16,"1,888.13","1,077.30"
2015-01-19,"1,902.62","1,078.00"
2015-01-20,"1,918.31","1,088.40"
2015-01-21,"1,921.23","1,083.40"
2015-01-22,"1,920.82","1,084.90"
2015-01-23,"1,936.09","1,084.10"
2015-01-26,"1,935.68","1,080.80"
2015-01-27,"1,952.40","1,079.80"
2015-01-28,"1,961.58","1,084.50"
2015-01-29,"1,951.02","1,093.90"
2015-01-30,"1,949.26","1,093.50"
2015-02-02,"1,952.68","1,103.30"
2015-02-03,"1,951.96","1,097.40"
2015-02-04,"1,962.79","1,084.10"
2015-02-05,"1,952.84","1,090.50"
2015-02-06,"1,955.52","1,089.70"
2015-02-09,"1,947.00","1,094.90"
2015-02-10,"1,935.86","1,089.70"
2015-02-11,"1,945.70","1,097.70"
2015-02-12,"1,941.63","1,110.70"
2015-02-13,"1,957.50","1,097.00"
2015-02-16,"1,958.23","1,102.40"
2015-02-17,"1,961.45","1,101.80"
2015-02-23,"1,968.39","1,108.70"
2015-02-24,"1,976.12","1,109.90"
2015-02-25,"1,990.47","1,099.00"
2015-02-26,"1,993.08","1,097.20"
2015-02-27,"1,985.80","1,098.40"
2015-03-02,"1,996.81","1,100.80"
2015-03-03,"2,001.38","1,096.40"
2015-03-04,"1,998.29","1,097.70"
2015-03-05,"1,998.38","1,101.30"
2015-03-06,"2,012.94","1,098.70"
2015-03-09,"1,992.82","1,112.10"
2015-03-10,"1,984.77","1,122.60"
2015-03-11,"1,980.83","1,126.50"
2015-03-12,"1,970.59","1,126.40"
2015-03-13,"1,985.79","1,128.50"
2015-03-16,"1,987.33","1,131.50"
2015-03-17,"2,029.91","1,128.90"
2015-03-18,"2,028.45","1,129.90"
2015-03-19,"2,037.89","1,117.20"
2015-03-20,"2,037.24","1,123.00"
2015-03-23,"2,036.59","1,114.60"
2015-03-24,"2,041.37","1,104.60"
2015-03-25,"2,042.81","1,100.80"
2015-03-26,"2,022.56","1,108.00"
2015-03-27,"2,019.80","1,103.30"
2015-03-30,"2,030.04","1,104.90"
2015-03-31,"2,041.03","1,109.50"
2015-04-01,"2,028.45","1,102.40"
2015-04-02,"2,029.07","1,095.50"
2015-04-03,"2,045.42","1,092.70"
2015-04-06,"2,046.43","1,084.80"
2015-04-07,"2,047.03","1,088.50"
2015-04-08,"2,059.26","1,091.00"
2015-04-09,"2,058.87","1,092.30"
2015-04-10,"2,087.76","1,092.70"
2015-04-13,"2,098.92","1,098.60"
2015-04-14,"2,111.72","1,094.00"
2015-04-15,"2,119.96","1,096.80"
2015-04-16,"2,139.90","1,088.90"
2015-04-17,"2,143.50","1,083.70"
2015-04-20,"2,146.71","1,079.20"
2015-04-21,"2,144.79","1,083.40"
2015-04-22,"2,143.89","1,079.60"
2015-04-23,"2,173.41","1,082.20"
2015-04-24,"2,159.80","1,079.40"
2015-04-27,"2,157.54","1,073.00"
2015-04-28,"2,147.67","1,070.00"
2015-04-29,"2,142.63","1,068.60"
2015-04-30,"2,127.17","1,072.40"
2015-05-04,"2,132.23","1,079.20"
2015-05-06,"2,104.58","1,080.00"
2015-05-07,"2,091.00","1,089.70"
2015-05-08,"2,085.52","1,088.30"
2015-05-11,"2,097.38","1,091.30"
2015-05-12,"2,096.77","1,095.80"
2015-05-13,"2,114.16","1,099.70"
2015-05-14,"2,120.33","1,090.50"
2015-05-15,"2,106.50","1,085.70"
2015-05-18,"2,113.72","1,085.60"
2015-05-19,"2,120.85","1,088.10"
2015-05-20,"2,139.54","1,096.00"
2015-05-21,"2,122.81","1,094.00"
2015-05-22,"2,146.10","1,090.10"
2015-05-26,"2,143.50","1,101.00"
2015-05-27,"2,107.50","1,105.50"
2015-05-28,"2,110.89","1,105.80"
2015-05-29,"2,114.80","1,108.20"
2015-06-01,"2,102.37","1,110.20"
2015-06-02,"2,078.64","1,112.40"
2015-06-03,"2,063.16","1,104.70"
2015-06-04,"2,072.86","1,113.90"
2015-06-05,"2,068.10","1,111.10"
2015-06-08,"2,065.19","1,123.30"
2015-06-09,"2,064.03","1,118.90"
2015-06-10,"2,051.32","1,108.20"
2015-06-11,"2,056.61","1,108.80"
2015-06-12,"2,052.17","1,114.70"
2015-06-15,"2,042.32","1,117.30"
2015-06-16,"2,028.72","1,118.60"
2015-06-17,"2,034.86","1,117.90"
2015-06-18,"2,041.88","1,107.10"
2015-06-19,"2,046.96","1,107.10"
2015-06-22,"2,055.16","1,098.80"
2015-06-23,"2,081.20","1,104.60"
2015-06-24,"2,085.53","1,108.40"
2015-06-25,"2,085.06","1,110.00"
2015-06-26,"2,090.26","1,116.90"
2015-06-29,"2,060.49","1,125.30"
2015-06-30,"2,074.20","1,115.50"
2015-07-01,"2,097.89","1,117.50"
2015-07-02,"2,107.33","1,125.00"
2015-07-03,"2,104.41","1,123.00"
2015-07-06,"2,053.93","1,126.50"
2015-07-07,"2,040.29","1,130.20"
2015-07-08,"2,016.21","1,136.70"
2015-07-09,"2,027.81","1,133.90"
2015-07-10,"2,031.17","1,129.70"
2015-07-13,"2,061.52","1,130.60"
2015-07-14,"2,059.23","1,142.60"
2015-07-15,"2,072.91","1,143.60"
2015-07-16,"2,087.89","1,149.20"
2015-07-17,"2,076.79","1,147.50"
2015-07-20,"2,073.31","1,152.10"
2015-07-21,"2,083.62","1,158.30"
2015-07-22,"2,064.73","1,153.60"
2015-07-23,"2,065.07","1,165.10"
2015-07-24,"2,045.96","1,167.90"
2015-07-27,"2,038.81","1,167.00"
2015-07-28,"2,039.10","1,164.90"
2015-07-29,"2,037.62","1,158.40"
2015-07-30,"2,019.03","1,168.40"
2015-07-31,"2,030.16","1,170.00"
2015-08-03,"2,008.49","1,165.90"
2015-08-04,"2,027.99","1,165.50"
2015-08-05,"2,029.76","1,173.60"
2015-08-06,"2,013.29","1,166.20"
2015-08-07,"2,010.23","1,167.40"
2015-08-10,"2,003.17","1,163.20"
2015-08-11,"1,986.65","1,179.10"
2015-08-12,"1,975.47","1,190.80"
2015-08-13,"1,983.46","1,174.00"
2015-08-17,"1,968.52","1,183.10"
2015-08-18,"1,956.26","1,185.00"
2015-08-19,"1,939.38","1,185.30"
2015-08-20,"1,914.55","1,185.10"
2015-08-21,"1,876.07","1,195.00"
2015-08-24,"1,829.81","1,199.00"
2015-08-25,"1,846.63","1,195.30"
2015-08-26,"1,894.09","1,186.00"
2015-08-27,"1,908.00","1,185.20"
2015-08-28,"1,937.67","1,173.60"
2015-08-31,"1,941.49","1,182.50"
2015-09-01,"1,914.23","1,171.80"
2015-09-02,"1,915.22","1,180.70"
2015-09-03,"1,915.53","1,190.30"
2015-09-04,"1,886.04","1,193.40"
2015-09-07,"1,883.22","1,203.70"
2015-09-08,"1,878.68","1,200.90"
2015-09-09,"1,934.20","1,189.40"
2015-09-10,"1,962.11","1,194.40"
2015-09-11,"1,941.37","1,184.50"
2015-09-14,"1,931.46","1,183.10"
2015-09-15,"1,937.56","1,186.70"
2015-09-16,"1,975.45","1,175.90"
2015-09-17,"1,976.49","1,165.90"
2015-09-18,"1,995.95","1,162.80"
2015-09-21,"1,964.68","1,174.70"
2015-09-22,"1,982.06","1,179.20"
2015-09-23,"1,944.64","1,191.20"
2015-09-24,"1,947.10","1,192.50"
2015-09-25,"1,942.85","1,194.70"
2015-09-30,"1,962.81","1,185.30"
2015-10-01,"1,979.32","1,176.30"
2015-10-02,"1,969.68","1,180.70"
2015-10-05,"1,978.25","1,172.40"
2015-10-06,"1,990.65","1,165.90"
2015-10-07,"2,005.84","1,161.30"
2015-10-08,"2,019.53","1,159.00"
2015-10-12,"2,021.63","1,143.50"
2015-10-13,"2,019.05","1,149.70"
2015-10-14,"2,009.55","1,146.80"
2015-10-15,"2,033.27","1,130.20"
2015-10-16,"2,030.26","1,129.10"
2015-10-19,"2,030.27","1,121.00"
2015-10-20,"2,039.36","1,131.00"
2015-10-21,"2,042.98","1,132.50"
2015-10-22,"2,023.00","1,138.60"
2015-10-23,"2,040.40","1,124.70"
2015-10-26,"2,048.08","1,133.80"
2015-10-27,"2,044.65","1,131.00"
2015-10-28,"2,042.51","1,131.00"
2015-10-29,"2,034.16","1,142.30"
2015-10-30,"2,029.47","1,140.10"
2015-11-02,"2,035.24","1,137.00"
2015-11-03,"2,048.40","1,133.10"
2015-11-04,"2,052.77","1,132.00"
2015-11-05,"2,049.41","1,138.50"
2015-11-06,"2,041.07","1,141.90"
2015-11-09,"2,025.70","1,157.20"
2015-11-10,"1,996.59","1,156.90"
2015-11-11,"1,997.27","1,154.90"
2015-11-12,"1,993.36","1,158.20"
2015-11-13,"1,973.29","1,163.80"
2015-11-16,"1,943.02","1,174.10"
2015-11-17,"1,963.58","1,170.40"
2015-11-18,"1,962.88","1,172.20"
2015-11-19,"1,988.91","1,161.70"
2015-11-20,"1,989.86","1,154.30"
2015-11-23,"2,003.70","1,158.50"
2015-11-24,"2,016.29","1,153.80"
2015-11-25,"2,009.42","1,143.40"
2015-11-26,"2,030.68","1,147.30"
2015-11-27,"2,028.99","1,153.00"
2015-11-30,"1,991.97","1,158.10"
2015-12-01,"2,023.93","1,158.00"
2015-12-02,"2,009.29","1,164.30"
2015-12-03,"1,994.07","1,164.60"
2015-12-04,"1,974.40","1,156.70"
2015-12-07,"1,963.67","1,168.20"
2015-12-08,"1,949.04","1,178.60"
2015-12-09,"1,948.24","1,179.30"
2015-12-10,"1,952.07","1,181.30"
2015-12-11,"1,948.62","1,179.50"
2015-12-14,"1,927.82","1,184.80"
2015-12-15,"1,932.97","1,183.40"
2015-12-16,"1,969.40","1,176.20"
2015-12-17,"1,977.96","1,180.10"
2015-12-18,"1,975.32","1,183.00"
2015-12-21,"1,981.19","1,177.60"
2015-12-22,"1,992.56","1,173.30"
2015-12-23,"1,999.22","1,173.10"
2015-12-24,"1,990.65","1,167.80"
2015-12-28,"1,964.06","1,165.40"
2015-12-29,"1,966.31","1,169.60"
2015-12-30,"1,961.31","1,172.50"
2015-12-31,,
2016-01-04,"1,918.76","1,187.70"
2016-01-05,"1,930.53","1,188.00"
2016-01-06,"1,925.43","1,197.90"
2016-01-07,"1,904.33","1,200.60"
2016-01-08,"1,917.62","1,198.10"
2016-01-11,"1,894.84","1,209.80"
2016-01-12,"1,890.86","1,210.30"
2016-01-13,"1,916.28","1,204.00"
2016-01-14,"1,900.01","1,213.40"
2016-01-15,"1,878.87","1,213.40"
2016-01-18,"1,878.45","1,210.90"
2016-01-19,"1,889.64","1,205.90"
2016-01-20,"1,845.45","1,214.00"
2016-01-21,"1,840.53","1,213.70"
2016-01-22,"1,879.43","1,200.10"
2016-01-25,"1,893.43","1,194.20"
2016-01-26,"1,871.69","1,204.20"
2016-01-27,"1,897.87","1,202.00"
2016-01-28,"1,906.94","1,208.50"
2016-01-29,"1,912.06","1,199.10"
2016-02-01,"1,924.82","1,200.50"
2016-02-02,"1,906.06","1,207.40"
2016-02-03,"1,890.67","1,219.30"
2016-02-04,"1,916.26","1,202.10"
2016-02-05,"1,917.79","1,197.40"
2016-02-11,"1,861.54","1,202.50"
2016-02-12,"1,835.28","1,211.70"
2016-02-15,"1,862.20","1,208.10"
2016-02-16,"1,888.30","1,216.60"
2016-02-17,"1,883.94","1,227.10"
2016-02-18,"1,908.84","1,227.40"
2016-02-19,"1,916.24","1,234.40"
2016-02-22,"1,916.36","1,234.40"
2016-02-23,"1,914.22","1,231.10"
2016-02-24,"1,912.53","1,234.40"
2016-02-25,"1,918.57","1,238.80"
2016-02-26,"1,920.16","1,238.20"
2016-02-29,"1,916.66","1,236.70"
2016-03-02,"1,947.42","1,227.50"
2016-03-03,"1,958.17","1,214.60"
2016-03-04,"1,955.63","1,203.40"
2016-03-07,"1,957.87","1,201.40"
2016-03-08,"1,946.12","1,206.70"
2016-03-09,"1,952.95","1,216.20"
2016-03-10,"1,969.33","1,203.50"
2016-03-11,"1,971.41","1,193.10"
2016-03-14,"1,972.27","1,186.10"
2016-03-15,"1,969.97","1,187.70"
2016-03-16,"1,974.90","1,193.30"
2016-03-17,"1,987.99","1,173.30"
2016-03-18,"1,992.12","1,162.50"
2016-03-21,"1,989.76","1,163.50"
2016-03-22,"1,996.81","1,153.60"
2016-03-23,"1,995.12","1,161.20"
2016-03-24,"1,985.97","1,166.30"
2016-03-25,"1,983.81","1,169.20"
2016-03-28,"1,982.54","1,166.20"
2016-03-29,"1,994.91","1,163.80"
2016-03-30,"2,002.14","1,150.80"
2016-03-31,"1,995.85","1,143.50"
2016-04-01,"1,973.57","1,154.20"
2016-04-04,"1,978.97","1,146.10"
2016-04-05,"1,962.74","1,155.10"
2016-04-06,"1,971.32","1,156.10"
2016-04-07,"1,973.89","1,151.40"
2016-04-08,"1,972.05","1,153.80"
2016-04-11,"1,970.37","1,146.50"
2016-04-12,"1,981.32","1,145.80"
2016-04-14,"2,015.93","1,156.70"
2016-04-15,"2,014.71","1,146.20"
2016-04-18,"2,009.10","1,150.20"
2016-04-19,"2,011.36","1,136.30"
2016-04-20,"2,005.83","1,135.20"
2016-04-21,"2,022.10","1,132.90"
2016-04-22,"2,015.49","1,143.10"
2016-04-25,"2,014.55","1,147.80"
2016-04-26,"2,019.63","1,151.00"
2016-04-27,"2,015.40","1,148.30"
2016-04-28,"2,000.93","1,138.20"
2016-04-29,"1,994.15","1,139.30"
2016-05-02,"1,978.15","1,137.80"
2016-05-03,"1,986.41","1,140.20"
2016-05-04,"1,976.71","1,154.30"
2016-05-09,"1,967.81","1,165.80"
2016-05-10,"1,982.50","1,172.60"
2016-05-11,"1,980.10","1,167.60"
2016-05-12,"1,977.49","1,162.60"
2016-05-13,"1,966.99","1,171.40"
2016-05-16,"1,967.91","1,179.70"
2016-05-17,"1,968.06","1,173.70"
2016-05-18,"1,956.73","1,182.60"
2016-05-19,"1,946.78","1,191.70"
2016-05-20,"1,947.67","1,190.20"
2016-05-23,"1,955.25","1,182.90"
2016-05-24,"1,937.68","1,192.70"
2016-05-25,"1,960.51","1,182.50"
2016-05-26,"1,957.06","1,180.40"
2016-05-27,"1,969.17","1,179.30"
2016-05-30,"1,967.13","1,191.80"
2016-05-31,"1,983.40","1,191.70"
2016-06-01,"1,982.72","1,193.00"
2016-06-02,"1,985.11","1,186.60"
2016-06-03,"1,985.84","1,183.60"
2016-06-07,"2,011.63","1,162.70"
2016-06-08,"2,027.08","1,156.60"
2016-06-09,"2,024.17","1,156.00"
2016-06-10,"2,017.63","1,165.50"
2016-06-13,"1,979.06","1,173.40"
2016-06-14,"1,972.03","1,173.20"
2016-06-15,"1,968.83","1,173.30"
2016-06-16,"1,951.99","1,171.40"
2016-06-17,"1,953.40","1,172.70"
2016-06-20,"1,981.12","1,160.80"
2016-06-21,"1,982.70","1,156.60"
2016-06-22,"1,992.58","1,154.40"
2016-06-23,"1,986.71","1,150.20"
2016-06-24,"1,925.24","1,179.90"
2016-06-27,"1,926.85","1,182.30"
2016-06-28,"1,936.22","1,171.30"
2016-06-29,"1,956.36","1,160.20"
2016-06-30,"1,970.35","1,151.80"
2016-07-01,"1,987.32","1,145.00"
2016-07-04,"1,995.30","1,146.90"
2016-07-05,"1,989.85","1,155.40"
2016-07-06,"1,953.12","1,165.60"
2016-07-07,"1,974.08","1,154.60"
2016-07-08,"1,963.10","1,161.80"
2016-07-11,"1,988.54","1,146.70"
2016-07-12,"1,991.23","1,148.00"
2016-07-13,"2,005.55","1,146.40"
2016-07-14,"2,008.77","1,137.40"
2016-07-15,"2,017.26","1,133.90"
2016-07-18,"2,021.11","1,136.40"
2016-07-19,"2,016.89","1,135.50"
2016-07-20,"2,015.46","1,141.00"
2016-07-21,"2,012.22","1,135.90"
2016-07-22,"2,010.34","1,134.40"
2016-07-25,"2,012.32","1,137.00"
2016-07-26,"2,027.34","1,134.90"
2016-07-27,"2,025.05","1,134.20"
2016-07-28,"2,021.10","1,124.40"
2016-07-29,"2,016.19","1,120.20"
2016-08-01,"2,029.61","1,108.00"
2016-08-02,"2,019.03","1,110.00"
2016-08-03,"1,994.79","1,117.60"
2016-08-04,"2,000.03","1,114.00"
2016-08-05,"2,017.94","1,110.40"
2016-08-08,"2,031.12","1,108.30"
2016-08-09,"2,043.78","1,106.10"
2016-08-10,"2,044.64","1,095.40"
2016-08-11,"2,048.80","1,099.50"
2016-08-12,"2,050.47","1,103.30"
2016-08-16,"2,047.76","1,092.20"
2016-08-17,"2,043.75","1,108.30"
2016-08-18,"2,055.47","1,107.20"
2016-08-19,"2,056.24","1,117.60"
2016-08-22,"2,042.16","1,126.50"
2016-08-23,"2,049.93","1,115.60"
2016-08-24,"2,043.76","1,122.00"
2016-08-25,"2,042.92","1,115.90"
2016-08-26,"2,037.50","1,113.70"
2016-08-29,"2,032.35","1,125.00"
2016-08-30,"2,039.74","1,119.90"
2016-08-31,"2,034.65","1,114.80"
2016-09-01,"2,032.72","1,122.10"
2016-09-02,"2,038.31","1,117.20"
2016-09-05,"2,060.08","1,105.10"
2016-09-06,"2,066.53","1,105.20"
2016-09-07,"2,061.88","1,090.00"
2016-09-08,"2,063.73","1,092.60"
2016-09-09,"2,037.87","1,098.40"
2016-09-12,"1,991.48","1,113.50"
2016-09-13,"1,999.36","1,118.80"
2016-09-19,"2,015.78","1,118.10"
2016-09-20,"2,025.71","1,120.60"
2016-09-21,"2,035.99","1,120.10"
2016-09-22,"2,049.70","1,103.30"
2016-09-23,"2,054.07","1,102.40"
2016-09-26,"2,047.11","1,107.90"
2016-09-27,"2,062.82","1,096.50"
2016-09-28,"2,053.06","1,096.80"
2016-09-29,"2,068.72","1,098.80"
2016-09-30,"2,043.63","1,101.30"
2016-10-04,"2,054.86","1,107.80"
2016-10-05,"2,053.00","1,113.70"
2016-10-06,"2,065.30","1,112.20"
2016-10-07,"2,053.80","1,115.50"
2016-10-10,"2,056.82","1,108.40"
2016-10-11,"2,031.93","1,120.40"
2016-10-12,"2,033.73","1,123.60"
2016-10-13,"2,015.44","1,135.90"
2016-10-14,"2,022.66","1,132.10"
2016-10-17,"2,027.61","1,137.90"
2016-10-18,"2,040.43","1,129.40"
2016-10-19,"2,040.94","1,123.20"
2016-10-20,"2,040.60","1,127.50"
2016-10-21,"2,033.00","1,134.90"
2016-10-24,"2,047.74","1,131.00"
2016-10-25,"2,037.17","1,133.50"
2016-10-26,"2,013.89","1,134.00"
2016-10-27,"2,024.12","1,142.50"
2016-10-28,"2,019.42","1,144.90"
2016-10-31,"2,008.19","1,144.50"
2016-11-01,"2,007.39","1,139.90"
2016-11-02,"1,978.94","1,149.80"
2016-11-03,"1,983.80","1,139.60"
2016-11-04,"1,982.02","1,143.40"
2016-11-07,"1,997.58","1,143.10"
2016-11-08,"2,003.38","1,135.00"
2016-11-09,"1,958.38","1,149.50"
2016-11-10,"2,002.60","1,150.60"
2016-11-11,"1,984.43","1,164.80"
2016-11-14,"1,974.40","1,171.90"
2016-11-15,"1,967.53","1,170.60"
2016-11-16,"1,979.65","1,169.20"
2016-11-17,"1,980.55","1,175.90"
2016-11-18,"1,974.58","1,183.20"
2016-11-21,"1,966.05","1,186.60"
2016-11-22,"1,983.47","1,176.10"
2016-11-23,"1,987.95","1,176.20"
2016-11-24,"1,971.26","1,180.10"
2016-11-25,"1,974.46","1,177.40"
2016-11-28,"1,978.13","1,170.40"
2016-11-29,"1,978.39","1,168.50"
2016-11-30,"1,983.48","1,169.10"
2016-12-01,"1,983.75","1,167.60"
2016-12-02,"1,970.61","1,172.60"
2016-12-05,"1,963.36","1,174.60"
2016-12-06,"1,989.86","1,171.40"
2016-12-07,"1,991.89","1,167.90"
2016-12-08,"2,031.07","1,158.50"
2016-12-09,"2,024.69","1,165.90"
2016-12-12,"2,027.24","1,168.20"
2016-12-13,"2,035.98","1,167.00"
2016-12-14,"2,036.87","1,169.70"
2016-12-15,"2,036.65","1,178.50"
2016-12-16,"2,042.24","1,183.90"
2016-12-19,"2,038.39","1,186.90"
2016-12-20,"2,041.94","1,193.40"
2016-12-21,"2,037.96","1,193.90"
2016-12-22,"2,035.73","1,199.10"
2016-12-23,"2,035.90","1,203.00"
2016-12-26,"2,037.75","1,201.40"
2016-12-27,"2,042.17","1,207.60"
2016-12-28,"2,024.49","1,210.50"
2016-12-29,"2,026.46","1,207.70"
2016-12-30,,
2017-01-02,"2,026.16","1,208.00"
2017-01-03,"2,043.97","1,203.50"
2017-01-04,"2,045.64","1,206.40"
2017-01-05,"2,041.95","1,186.30"
2017-01-06,"2,049.12","1,193.00"
2017-01-09,"2,048.78","1,208.30"
2017-01-10,"2,045.12","1,194.60"
2017-01-11,"2,075.17","1,196.40"
2017-01-12,"2,087.14","1,184.70"
2017-01-13,"2,076.79","1,174.70"
2017-01-16,"2,064.17","1,182.10"
2017-01-17,"2,071.87","1,174.50"
2017-01-18,"2,070.54","1,166.70"
2017-01-19,"2,072.79","1,177.60"
2017-01-20,"2,065.61","1,169.20"
2017-01-23,"2,065.99","1,165.50"
2017-01-24,"2,065.76","1,165.90"
2017-01-25,"2,066.94","1,166.00"
2017-01-26,"2,083.59","1,159.20"
2017-01-31,"2,067.57","1,162.10"
2017-02-01,"2,080.48","1,158.10"
2017-02-02,"2,071.01","1,146.80"
2017-02-03,"2,073.16","1,147.60"
2017-02-06,"2,077.66","1,137.90"
2017-02-07,"2,075.21","1,144.30"
2017-02-08,"2,065.08","1,147.20"
2017-02-09,"2,065.88","1,145.80"
2017-02-10,"2,075.08","1,150.60"
2017-02-13,"2,078.65","1,152.00"
2017-02-14,"2,074.57","1,137.40"
2017-02-15,"2,083.86","1,142.20"
2017-02-16,"2,081.84","1,141.50"
2017-02-17,"2,080.58","1,146.30"
2017-02-20,"2,084.39","1,147.50"
2017-02-21,"2,102.93","1,146.10"
2017-02-22,"2,106.61","1,142.60"
2017-02-23,"2,107.63","1,137.30"
2017-02-24,"2,094.12","1,131.50"
2017-02-27,"2,085.52","1,133.70"
2017-02-28,"2,091.64","1,130.70"
2017-03-02,"2,102.65","1,141.60"
2017-03-03,"2,078.75","1,156.10"
2017-03-06,"2,081.36","1,158.00"
2017-03-07,"2,094.05","1,146.10"
2017-03-08,"2,095.41","1,145.50"
2017-03-09,"2,091.06","1,158.10"
2017-03-10,"2,097.35","1,157.40"
2017-03-13,"2,117.59","1,144.40"
2017-03-14,"2,133.78","1,148.80"
2017-03-15,"2,133.00","1,143.60"
2017-03-16,"2,150.08","1,132.00"
2017-03-17,"2,164.58","1,130.90"
2017-03-20,"2,157.01","1,120.10"
2017-03-21,"2,178.38","1,120.30"
2017-03-22,"2,168.30","1,123.30"
2017-03-23,"2,172.72","1,122.40"
2017-03-24,"2,168.95","1,122.60"
2017-03-27,"2,155.66","1,112.80"
2017-03-28,"2,163.31","1,113.00"
2017-03-29,"2,166.98","1,114.20"
2017-03-30,"2,164.64","1,117.20"
2017-03-31,"2,160.23","1,118.40"
2017-04-03,"2,167.51","1,115.30"
2017-04-04,"2,161.10","1,121.90"
2017-04-05,"2,160.85","1,124.40"
2017-04-06,"2,152.75","1,133.20"
2017-04-07,"2,151.73","1,134.50"
2017-04-10,"2,133.32","1,142.20"
2017-04-11,"2,123.85","1,145.80"
2017-04-12,"2,128.91","1,141.40"
2017-04-13,"2,148.61","1,129.70"
2017-04-14,"2,134.88","1,140.00"
2017-04-17,"2,145.78","1,137.70"
2017-04-18,"2,148.46","1,142.40"
2017-04-19,"2,138.40","1,140.20"
2017-04-20,"2,149.15","1,139.80"
2017-04-21,"2,165.04","1,134.40"
2017-04-24,"2,173.74","1,129.90"
2017-04-25,"2,196.85","1,125.40"
2017-04-26,"2,207.84","1,125.10"
2017-04-27,"2,209.46","1,130.10"
2017-04-28,"2,205.44","1,137.90"
2017-05-02,"2,219.67","1,130.50"
2017-05-04,"2,241.24","1,132.70"
2017-05-08,"2,292.76","1,131.40"
2017-05-10,"2,270.12","1,135.80"
2017-05-11,"2,296.37","1,127.90"
2017-05-12,"2,286.02","1,127.40"
2017-05-15,"2,290.65","1,123.60"
2017-05-16,"2,295.33","1,116.00"
2017-05-17,"2,293.08","1,118.30"
2017-05-18,"2,286.82","1,124.50"
2017-05-19,"2,288.48","1,127.20"
2017-05-22,"2,304.03","1,118.60"
2017-05-23,"2,311.74","1,124.20"
2017-05-24,"2,317.34","1,126.80"
2017-05-25,"2,342.93","1,116.50"
2017-05-26,"2,355.30","1,120.70"
2017-05-29,"2,352.97","1,121.70"
2017-05-30,"2,343.68","1,125.10"
2017-05-31,"2,347.38","1,119.50"
2017-06-01,"2,344.61","1,122.00"
2017-06-02,"2,371.72","1,121.80"
2017-06-05,"2,368.62","1,118.30"
2017-06-07,"2,360.14","1,124.00"
2017-06-08,"2,363.57","1,122.10"
2017-06-09,"2,381.69","1,123.20"
2017-06-12,"2,357.87","1,127.30"
2017-06-13,"2,374.70","1,128.30"
2017-06-14,"2,372.64","1,123.90"
2017-06-15,"2,361.65","1,124.10"
2017-06-16,"2,361.83","1,134.10"
2017-06-19,"2,370.90","1,132.70"
2017-06-20,"2,369.23","1,135.40"
2017-06-21,"2,357.53","1,144.00"
2017-06-22,"2,370.37","1,140.90"
2017-06-23,"2,378.60","1,138.80"
2017-06-26,"2,388.66","1,137.10"
2017-06-27,"2,391.95","1,136.90"
2017-06-28,"2,382.56","1,144.00"
2017-06-29,"2,395.66","1,141.10"
2017-06-30,"2,391.79","1,144.10"
2017-07-03,"2,394.48","1,146.90"
2017-07-04,"2,380.52","1,150.60"
2017-07-05,"2,388.35","1,150.50"
2017-07-06,"2,387.81","1,157.40"
2017-07-07,"2,379.87","1,154.30"
2017-07-10,"2,382.10","1,149.50"
2017-07-11,"2,396.00","1,151.10"
2017-07-12,"2,391.77","1,145.10"
2017-07-13,"2,409.49","1,136.30"
2017-07-14,"2,414.63","1,133.30"
2017-07-17,"2,425.10","1,128.30"
2017-07-18,"2,426.04","1,123.10"
2017-07-19,"2,429.94","1,120.60"
2017-07-20,"2,441.84","1,125.50"
2017-07-21,"2,450.06","1,118.20"
2017-07-24,"2,451.53","1,114.00"
2017-07-25,"2,439.90","1,115.30"
2017-07-26,"2,434.51","1,121.80"
2017-07-27,"2,443.24","1,112.80"
2017-07-28,"2,400.99","1,122.10"
2017-07-31,"2,402.71","1,119.00"
2017-08-01,"2,422.96","1,121.30"
2017-08-02,"2,427.63","1,124.00"
2017-08-03,"2,386.85","1,128.80"
2017-08-04,"2,395.45","1,125.00"
2017-08-07,"2,398.75","1,127.10"
2017-08-08,"2,394.73","1,125.10"
2017-08-09,"2,368.39","1,135.20"
2017-08-10,"2,359.47","1,142.00"
2017-08-11,"2,319.71","1,143.50"
2017-08-14,"2,334.22","1,139.70"
2017-08-16,"2,348.26","1,141.50"
2017-08-17,"2,361.67","1,137.20"
2017-08-18,"2,358.37","1,141.30"
2017-08-21,"2,355.00","1,139.00"
2017-08-22,"2,365.33","1,133.80"
2017-08-23,"2,366.40","1,131.80"
2017-08-24,"2,375.84","1,127.90"
2017-08-25,"2,378.51","1,128.20"
2017-08-28,"2,370.30","1,120.10"
2017-08-29,"2,364.74","1,126.40"
2017-08-30,"2,372.29","1,124.20"
2017-08-31,"2,363.19","1,127.80"
2017-09-01,"2,357.69","1,122.80"
2017-09-04,"2,329.65","1,133.00"
2017-09-05,"2,326.62","1,131.10"
2017-09-06,"2,319.82","1,135.40"
2017-09-07,"2,346.19","1,129.40"
2017-09-08,"2,343.72","1,127.50"
2017-09-11,"2,359.08","1,131.90"
2017-09-12,"2,365.47","1,128.50"
2017-09-13,"2,360.18","1,128.50"
2017-09-14,"2,377.66","1,132.60"
2017-09-15,"2,386.07","1,131.70"
2017-09-18,"2,418.21","1,126.60"
2017-09-19,"2,416.05","1,131.30"
2017-09-20,"2,412.20","1,128.30"
2017-09-21,"2,406.50","1,132.70"
2017-09-22,"2,388.71","1,136.50"
2017-09-25,"2,380.40","1,131.80"
2017-09-26,"2,374.32","1,136.80"
2017-09-27,"2,372.57","1,140.70"
2017-09-28,"2,373.14","1,149.10"
2017-09-29,"2,394.47","1,145.40"
2017-10-10,"2,433.81","1,135.10"
2017-10-11,"2,458.16","1,135.20"
2017-10-12,"2,474.76","1,133.20"
2017-10-13,"2,473.62","1,128.90"
2017-10-16,"2,480.05","1,127.80"
2017-10-17,"2,484.37","1,132.50"
2017-10-18,"2,482.91","1,129.90"
2017-10-19,"2,473.06","1,132.40"
2017-10-20,"2,489.54","1,131.00"
2017-10-23,"2,490.05","1,130.20"
2017-10-24,"2,490.49","1,127.40"
2017-10-25,"2,492.50","1,127.90"
2017-10-26,"2,480.63","1,124.60"
2017-10-27,"2,496.63","1,130.50"
2017-10-30,"2,501.93","1,124.60"
2017-10-31,"2,523.43","1,120.40"
2017-11-01,"2,556.47","1,114.50"
2017-11-02,"2,546.36","1,114.40"
2017-11-03,"2,557.97","1,113.80"
2017-11-06,"2,549.41","1,115.00"
2017-11-07,"2,545.44","1,111.90"
2017-11-08,"2,552.40","1,115.60"
2017-11-09,"2,550.57","1,115.60"
2017-11-10,"2,542.95","1,117.10"
2017-11-13,"2,530.35","1,120.60"
2017-11-14,"2,526.64","1,118.10"
2017-11-15,"2,518.25","1,112.30"
2017-11-16,"2,534.79","1,101.40"
2017-11-17,"2,533.99","1,097.50"
2017-11-20,"2,527.67","1,100.60"
2017-11-21,"2,530.70","1,095.80"
2017-11-22,"2,540.51","1,089.10"
2017-11-23,"2,537.15","1,085.40"
2017-11-24,"2,544.33","1,085.40"
2017-11-27,"2,507.81","1,088.60"
2017-11-28,"2,514.19","1,084.40"
2017-11-29,"2,512.90","1,076.80"
2017-11-30,"2,476.37","1,088.20"
2017-12-01,"2,475.41","1,086.40"
2017-12-04,"2,501.67","1,088.70"
2017-12-05,"2,510.12","1,085.80"
2017-12-06,"2,474.37","1,093.70"
2017-12-07,"2,461.98","1,093.50"
2017-12-08,"2,464.00","1,093.30"
2017-12-11,"2,471.49","1,092.30"
2017-12-12,"2,461.00","1,092.40"
2017-12-13,"2,480.55","1,090.70"
2017-12-14,"2,469.48","1,089.10"
2017-12-15,"2,482.07","1,089.80"
2017-12-18,"2,481.88","1,088.50"
2017-12-19,"2,478.53","1,084.90"
2017-12-20,"2,472.37","1,080.90"
2017-12-21,"2,429.83","1,082.70"
2017-12-22,"2,440.54","1,079.70"
2017-12-26,"2,427.34","1,076.10"
2017-12-27,"2,436.67","1,074.10"
2017-12-28,"2,467.49","1,070.50"
2017-12-29,,
2018-01-02,"2,479.65","1,061.20"
2018-01-03,"2,486.35","1,064.50"
2018-01-04,"2,466.46","1,062.20"
2018-01-05,"2,497.52","1,062.70"
2018-01-08,"2,513.28","1,066.00"
2018-01-09,"2,510.23","1,067.10"
2018-01-10,"2,499.75","1,071.90"
2018-01-11,"2,487.91","1,072.00"
2018-01-12,"2,496.42","1,064.80"
2018-01-15,"2,503.73","1,062.70"
2018-01-16,"2,521.74","1,062.70"
2018-01-17,"2,515.43","1,069.30"
2018-01-18,"2,515.81","1,070.70"
2018-01-19,"2,520.26","1,065.90"
2018-01-22,"2,502.11","1,070.10"
2018-01-23,"2,536.60","1,070.20"
2018-01-24,"2,538.00","1,070.20"
2018-01-25,"2,562.23","1,058.60"
2018-01-26,"2,574.76","1,063.90"
2018-01-29,"2,598.19","1,065.60"
2018-01-30,"2,567.74","1,073.60"
2018-01-31,"2,566.46","1,067.90"
2018-02-01,"2,568.54","1,071.90"
2018-02-02,"2,525.39","1,079.70"
2018-02-05,"2,491.75","1,088.50"
2018-02-06,"2,453.31","1,091.50"
2018-02-07,"2,396.56","1,086.60"
2018-02-08,"2,407.62","1,087.90"
2018-02-09,"2,363.77","1,092.10"
2018-02-12,"2,385.38","1,084.60"
2018-02-13,"2,395.19","1,084.50"
2018-02-14,"2,421.83","1,077.20"
2018-02-19,"2,442.82","1,067.60"
2018-02-20,"2,415.12","1,073.50"
2018-02-21,"2,429.65","1,076.20"
2018-02-22,"2,414.28","1,084.30"
2018-02-23,"2,451.52","1,079.00"
2018-02-26,"2,457.65","1,073.40"
2018-02-27,"2,456.14","1,071.30"
2018-02-28,"2,427.36","1,082.80"
2018-03-02,"2,402.16","1,080.30"
2018-03-05,"2,375.06","1,082.00"
2018-03-06,"2,411.41","1,076.10"
2018-03-07,"2,401.82","1,069.10"
2018-03-08,"2,433.08","1,070.20"
2018-03-09,"2,459.45","1,069.80"
2018-03-12,"2,484.12","1,065.20"
2018-03-13,"2,494.49","1,067.50"
2018-03-14,"2,486.08","1,064.60"
2018-03-15,"2,492.38","1,065.40"
2018-03-16,"2,493.97","1,066.20"
2018-03-19,"2,475.03","1,071.60"
2018-03-20,"2,485.52","1,068.60"
2018-03-21,"2,484.97","1,072.30"
2018-03-22,"2,496.02","1,072.70"
2018-03-23,"2,416.76","1,082.20"
2018-03-26,"2,437.08","1,081.10"
2018-03-27,"2,452.06","1,070.30"
2018-03-28,"2,419.29","1,070.80"
2018-03-29,"2,436.37","1,065.90"
2018-03-30,"2,445.85","1,063.50"
2018-04-02,"2,444.16","1,056.60"
2018-04-03,"2,442.43","1,054.20"
2018-04-04,"2,408.06","1,059.80"
2018-04-05,"2,437.52","1,059.70"
2018-04-06,"2,429.58","1,069.60"
2018-04-09,"2,444.08","1,067.10"
2018-04-10,"2,450.74","1,066.40"
2018-04-11,"2,444.22","1,066.30"
2018-04-12,"2,442.71","1,069.50"
2018-04-13,"2,455.07","1,069.50"
2018-04-16,"2,457.49","1,074.00"
2018-04-17,"2,453.77","1,067.00"
2018-04-18,"2,479.98","1,068.70"
2018-04-19,"2,486.10","1,061.50"
2018-04-20,"2,476.33","1,067.30"
2018-04-23,"2,474.11","1,069.00"
2018-04-24,"2,464.14","1,076.80"
2018-04-25,"2,448.81","1,080.60"
2018-04-26,"2,475.64","1,080.90"
2018-04-27,"2,492.40","1,076.60"
2018-04-30,"2,515.38","1,068.00"
2018-05-02,"2,505.61","1,076.10"
2018-05-03,"2,487.25","1,076.30"
2018-05-04,"2,461.38","1,077.20"
2018-05-08,"2,449.81","1,076.50"
2018-05-09,"2,443.98","1,080.90"
2018-05-10,"2,464.16","1,073.10"
2018-05-11,"2,477.71","1,069.30"
2018-05-14,"2,476.11","1,068.00"
2018-05-15,"2,458.54","1,073.80"
2018-05-16,"2,459.82","1,077.60"
2018-05-17,"2,448.45","1,081.20"
2018-05-18,"2,460.65","1,077.60"
2018-05-21,"2,465.57","1,085.40"
2018-05-23,"2,471.91","1,080.70"
2018-05-24,"2,466.01","1,079.60"
2018-05-25,"2,460.80","1,078.00"
2018-05-28,"2,478.96","1,074.20"
2018-05-29,"2,457.25","1,076.80"
2018-05-30,"2,409.03","1,080.90"
2018-05-31,"2,423.01","1,077.70"
2018-06-01,"2,438.96","1,075.00"
2018-06-04,"2,447.76","1,071.90"
2018-06-05,"2,453.76","1,070.70"
2018-06-07,"2,470.58","1,069.00"
2018-06-08,"2,451.58","1,075.90"
2018-06-11,"2,470.15","1,075.20"
2018-06-12,"2,468.83","1,077.20"
2018-06-14,"2,423.48","1,083.10"
2018-06-15,"2,404.04","1,097.70"
2018-06-18,"2,376.24","1,104.80"
2018-06-19,"2,340.11","1,109.10"
2018-06-20,"2,363.91","1,105.10"
2018-06-21,"2,337.83","1,112.80"
2018-06-22,"2,357.22","1,107.40"
2018-06-25,"2,357.88","1,117.20"
2018-06-26,"2,350.92","1,114.80"
2018-06-27,"2,342.03","1,117.60"
2018-06-28,"2,314.24","1,124.20"
2018-06-29,"2,326.13","1,114.50"
2018-07-02,"2,271.54","1,120.00"
2018-07-03,"2,272.76","1,118.70"
2018-07-04,"2,265.46","1,114.50"
2018-07-05,"2,257.55","1,118.60"
2018-07-06,"2,272.87","1,115.90"
2018-07-09,"2,285.80","1,112.20"
2018-07-10,"2,294.16","1,116.00"
2018-07-11,"2,280.62","1,120.00"
2018-07-12,"2,285.06","1,125.90"
2018-07-13,"2,310.90","1,123.50"
2018-07-16,"2,301.99","1,129.20"
2018-07-17,"2,297.92","1,124.10"
2018-07-18,"2,290.11","1,132.30"
2018-07-19,"2,282.29","1,133.20"
2018-07-20,"2,289.19","1,133.70"
2018-07-23,"2,269.31","1,131.40"
2018-07-24,"2,280.20","1,135.20"
2018-07-25,"2,273.03","1,126.30"
2018-07-26,"2,289.06","1,119.30"
2018-07-27,"2,294.99","1,118.10"
2018-07-30,"2,293.51","1,120.20"
2018-07-31,"2,295.26","1,118.70"
2018-08-01,"2,307.07","1,120.60"
2018-08-02,"2,270.20","1,126.10"
2018-08-03,"2,287.68","1,127.60"
2018-08-06,"2,286.50","1,124.00"
2018-08-07,"2,300.16","1,123.80"
2018-08-08,"2,301.45","1,119.90"
2018-08-09,"2,303.71","1,117.20"
2018-08-10,"2,282.79","1,128.90"
2018-08-13,"2,248.45","1,133.90"
2018-08-14,"2,258.91","1,127.90"
2018-08-16,"2,240.80","1,130.10"
2018-08-17,"2,247.05","1,124.90"
2018-08-20,"2,247.88","1,123.10"
2018-08-21,"2,270.06","1,118.40"
2018-08-22,"2,273.33","1,118.90"
2018-08-23,"2,282.60","1,121.40"
2018-08-24,"2,293.21","1,118.90"
2018-08-27,"2,299.30","1,113.80"
2018-08-28,"2,303.12","1,110.00"
2018-08-29,"2,309.03","1,110.20"
2018-08-30,"2,307.35","1,108.60"
2018-08-31,"2,322.88","1,112.90"
2018-09-03,"2,307.03","1,110.30"
2018-09-04,"2,315.72","1,114.90"
2018-09-05,"2,291.77","1,121.50"
2018-09-06,"2,287.61","1,124.00"
2018-09-07,"2,281.58","1,122.80"
2018-09-10,"2,288.66","1,128.40"
2018-09-11,"2,283.20","1,125.30"
2018-09-12,"2,282.92","1,128.60"
2018-09-13,"2,286.23","1,122.40"
2018-09-14,"2,318.25","1,116.60"
2018-09-17,"2,303.01","1,126.60"
2018-09-18,"2,308.98","1,123.20"
2018-09-19,"2,308.46","1,121.10"
2018-09-20,"2,323.45","1,120.40"
2018-09-21,"2,339.17","1,115.30"
2018-09-27,"2,355.43","1,112.50"
2018-09-28,"2,343.07","1,109.30"
2018-10-01,"2,338.88","1,111.80"
2018-10-02,"2,309.57","1,119.20"
2018-10-04,"2,274.49","1,129.90"
2018-10-05,"2,267.52","1,130.40"
2018-10-08,"2,253.83","1,132.70"
2018-10-10,"2,228.61","1,134.00"
2018-10-11,"2,129.67","1,144.40"
2018-10-12,"2,161.85","1,131.40"
2018-10-15,"2,145.12","1,134.30"
2018-10-16,"2,145.12","1,128.00"
2018-10-17,"2,167.51","1,126.50"
2018-10-18,"2,148.31","1,135.20"
2018-10-19,"2,156.26","1,132.10"
2018-10-22,"2,161.71","1,128.40"
2018-10-23,"2,106.10","1,137.60"
2018-10-24,"2,097.58","1,132.30"
2018-10-25,"2,063.30","1,138.00"
2018-10-26,"2,027.15","1,141.90"
2018-10-29,"1,996.05","1,141.40"
2018-10-30,"2,014.69","1,139.20"
2018-10-31,"2,029.69","1,139.60"
2018-11-01,"2,024.46","1,138.10"
2018-11-02,"2,096.00","1,121.60"
2018-11-05,"2,076.92","1,123.50"
2018-11-06,"2,089.62","1,123.80"
2018-11-07,"2,078.69","1,123.30"
2018-11-08,"2,092.63","1,117.30"
2018-11-09,"2,086.09","1,128.30"
2018-11-12,"2,080.44","1,133.90"
2018-11-13,"2,071.23","1,133.30"
2018-11-14,"2,068.05","1,134.30"
2018-11-15,"2,088.06","1,129.20"
2018-11-16,"2,092.40","1,128.50"
2018-11-19,"2,100.56","1,128.60"
2018-11-20,"2,082.58","1,125.80"
2018-11-21,"2,076.55","1,131.60"
2018-11-22,"2,069.95","1,129.20"
2018-11-23,"2,057.48","1,130.50"
2018-11-26,"2,083.02","1,128.90"
2018-11-27,"2,099.42","1,129.40"
2018-11-28,"2,108.22","1,126.50"
2018-11-29,"2,114.10","1,119.20"
2018-11-30,"2,096.86","1,121.20"
2018-12-03,"2,131.93","1,110.70"
2018-12-04,"2,114.35","1,105.30"
2018-12-05,"2,101.31","1,114.10"
2018-12-06,"2,068.69","1,120.30"
2018-12-07,"2,075.76","1,119.80"
2018-12-10,"2,053.79","1,126.50"
2018-12-11,"2,052.97","1,130.10"
2018-12-12,"2,082.57","1,128.50"
2018-12-13,"2,095.55","1,123.40"
2018-12-14,"2,069.38","1,130.80"
2018-12-17,"2,071.09","1,131.30"
2018-12-18,"2,062.11","1,129.60"
2018-12-19,"2,078.84","1,123.50"
2018-12-20,"2,060.12","1,127.80"
2018-12-21,"2,061.49","1,122.40"
2018-12-24,"2,055.01","1,125.20"
2018-12-26,"2,028.01","1,125.40"
2018-12-27,"2,028.44","1,120.00"
2018-12-28,"2,041.04","1,115.70"
2018-12-31,,
2019-01-02,"2,010.00","1,119.00"
2019-01-03,"1,993.70","1,127.70"
2019-01-04,"2,010.25","1,124.50"
2019-01-07,"2,037.10","1,118.60"
2019-01-08,"2,025.27","1,124.10"
2019-01-09,"2,064.71","1,122.10"
2019-01-10,"2,063.28","1,118.30"
2019-01-11,"2,075.57","1,116.40"
2019-01-14,"2,064.52","1,123.00"
2019-01-15,"2,097.18","1,120.70"
2019-01-16,"2,106.10","1,120.10"
2019-01-17,"2,107.06","1,122.50"
2019-01-18,"2,124.28","1,121.90"
2019-01-21,"2,124.61","1,128.10"
2019-01-22,"2,117.77","1,130.50"
2019-01-23,"2,127.78","1,127.30"
2019-01-24,"2,145.03","1,128.60"
2019-01-25,"2,177.73","1,121.30"
2019-01-28,"2,177.30","1,117.70"
2019-01-29,"2,183.36","1,116.50"
2019-01-30,"2,206.20","1,116.30"
2019-01-31,"2,204.85","1,112.70"
2019-02-01,"2,203.46","1,118.80"
2019-02-07,"2,203.42","1,124.10"
2019-02-08,"2,177.05","1,123.90"
2019-02-11,"2,180.73","1,124.70"
2019-02-12,"2,190.47","1,123.90"
2019-02-13,"2,201.48","1,121.70"
2019-02-14,"2,225.85","1,125.10"
2019-02-15,"2,196.09","1,128.70"
2019-02-18,"2,210.89","1,125.80"
2019-02-19,"2,205.63","1,128.20"
2019-02-20,"2,229.76","1,123.50"
2019-02-21,"2,228.66","1,125.20"
2019-02-22,"2,230.50","1,125.20"
2019-02-25,"2,232.56","1,121.00"
2019-02-26,"2,226.60","1,118.60"
2019-02-27,"2,234.79","1,119.10"
2019-02-28,"2,195.44","1,124.70"
2019-03-04,"2,190.66","1,124.90"
2019-03-05,"2,179.23","1,125.50"
2019-03-06,"2,175.60","1,128.80"
2019-03-07,"2,165.79","1,129.00"
2019-03-08,"2,137.44","1,136.20"
2019-03-11,"2,138.10","1,133.70"
2019-03-12,"2,157.18","1,129.80"
2019-03-13,"2,148.41","1,132.60"
2019-03-14,"2,155.68","1,134.80"
2019-03-15,"2,176.11","1,137.30"
2019-03-18,"2,179.49","1,132.10"
2019-03-19,"2,177.62","1,130.60"
2019-03-20,"2,177.10","1,130.40"
2019-03-21,"2,184.88","1,127.70"
2019-03-22,"2,186.95","1,130.10"
2019-03-25,"2,144.86","1,134.20"
2019-03-26,"2,148.80","1,133.40"
2019-03-27,"2,145.62","1,134.50"
2019-03-28,"2,128.10","1,136.80"
2019-03-29,"2,140.67","1,135.10"
2019-04-01,"2,168.28","1,133.70"
2019-04-02,"2,177.18","1,136.40"
2019-04-03,"2,203.27","1,134.30"
2019-04-04,"2,206.53","1,136.30"
2019-04-05,"2,209.61","1,136.60"
2019-04-08,"2,210.60","1,144.70"
2019-04-09,"2,213.56","1,142.10"
2019-04-10,"2,224.39","1,138.60"
2019-04-11,"2,224.44","1,139.40"
2019-04-12,"2,233.45","1,139.40"
2019-04-15,"2,242.88","1,133.10"
2019-04-16,"2,248.63","1,135.70"
2019-04-17,"2,245.89","1,134.80"
2019-04-18,"2,213.77","1,136.90"
2019-04-19,"2,216.15","1,136.90"
2019-04-22,"2,216.65","1,141.50"
2019-04-23,"2,220.51","1,141.80"
2019-04-24,"2,201.03","1,150.90"
2019-04-25,"2,190.50","1,160.50"
2019-04-26,"2,179.31","1,161.00"
2019-04-29,"2,216.43","1,158.50"
2019-04-30,"2,203.59","1,168.20"
2019-05-02,"2,212.75","1,165.70"
2019-05-03,"2,196.32","1,170.00"
2019-05-07,"2,176.99","1,166.50"
2019-05-08,"2,168.01","1,169.40"
2019-05-09,"2,102.01","1,179.80"
2019-05-10,"2,108.04","1,177.00"
2019-05-13,"2,079.01","1,187.50"
2019-05-14,"2,081.84","1,189.40"
2019-05-15,"2,092.78","1,188.60"
2019-05-16,"2,067.69","1,191.50"
2019-05-17,"2,055.80","1,195.70"
2019-05-20,"2,055.71","1,194.20"
2019-05-21,"2,061.25","1,194.00"
2019-05-22,"2,064.86","1,192.80"
2019-05-23,"2,059.59","1,189.20"
2019-05-24,"2,045.31","1,188.40"
2019-05-27,"2,044.21","1,184.50"
2019-05-28,"2,048.83","1,185.80"
2019-05-29,"2,023.32","1,193.90"
2019-05-30,"2,038.80","1,188.80"
2019-05-31,"2,041.74","1,190.90"
2019-06-03,"2,067.85","1,182.10"
2019-06-04,"2,066.97","1,182.80"
2019-06-05,"2,069.11","1,178.60"
2019-06-07,"2,072.33","1,181.40"
2019-06-10,"2,099.49","1,185.20"
2019-06-11,"2,111.81","1,180.40"
2019-06-12,"2,108.75","1,182.60"
2019-06-13,"2,103.15","1,183.10"
2019-06-14,"2,095.41","1,185.30"
2019-06-17,"2,090.73","1,186.50"
2019-06-18,"2,098.71","1,185.80"
2019-06-19,"2,124.78","1,176.10"
2019-06-20,"2,131.29","1,162.10"
2019-06-21,"2,125.62","1,164.00"
2019-06-24,"2,126.33","1,156.50"
2019-06-25,"2,121.64","1,156.20"
2019-06-26,"2,121.85","1,156.60"
2019-06-27,"2,134.32","1,158.10"
2019-06-28,"2,130.62","1,154.70"
2019-07-01,"2,129.74","1,158.80"
2019-07-02,"2,122.02","1,166.00"
2019-07-03,"2,096.02","1,171.30"
2019-07-04,"2,108.73","1,168.60"
2019-07-05,"2,110.59","1,170.40"
2019-07-08,"2,064.17","1,182.00"
2019-07-09,"2,052.03","1,180.50"
2019-07-10,"2,058.78","1,181.60"
2019-07-11,"2,080.58","1,173.50"
2019-07-12,"2,086.66","1,179.20"
2019-07-15,"2,082.48","1,179.30"
2019-07-16,"2,091.87","1,177.60"
2019-07-17,"2,072.92","1,181.30"
2019-07-18,"2,066.55","1,178.80"
2019-07-19,"2,094.36","1,174.50"
2019-07-22,"2,093.34","1,178.30"
2019-07-23,"2,101.45","1,178.90"
2019-07-24,"2,082.30","1,177.90"
2019-07-25,"2,074.48","1,181.50"
2019-07-26,"2,066.26","1,184.80"
2019-07-29,"2,029.48","1,183.50"
2019-07-30,"2,038.68","1,181.60"
2019-07-31,"2,024.55","1,183.10"
2019-08-01,"2,017.34","1,188.50"
2019-08-02,"1,998.13","1,198.00"
2019-08-05,"1,946.98","1,215.30"
2019-08-06,"1,917.50","1,215.30"
2019-08-07,"1,909.71","1,214.90"
2019-08-08,"1,920.61","1,209.20"
2019-08-09,"1,937.75","1,210.50"
2019-08-12,"1,942.29","1,216.20"
2019-08-13,"1,925.83","1,222.20"
2019-08-14,"1,938.37","1,212.70"
2019-08-16,"1,927.17","1,210.80"
2019-08-19,"1,939.90","1,211.00"
2019-08-20,"1,960.25","1,208.30"
2019-08-21,"1,964.65","1,202.50"
2019-08-22,"1,951.01","1,207.40"
2019-08-23,"1,948.30","1,210.60"
2019-08-26,"1,916.31","1,217.80"
2019-08-27,"1,924.60","1,211.20"
2019-08-28,"1,941.09","1,213.90"
2019-08-29,"1,933.41","1,216.40"
2019-08-30,"1,967.79","1,211.20"
2019-09-02,"1,969.19","1,210.80"
2019-09-03,"1,965.69","1,215.60"
2019-09-04,"1,988.53","1,208.20"
2019-09-05,"2,004.75","1,200.20"
2019-09-06,"2,009.13","1,196.90"
2019-09-09,"2,019.55","1,193.00"
2019-09-10,"2,032.08","1,193.30"
2019-09-11,"2,049.20","1,191.00"
2019-09-16,"2,062.22","1,183.10"
2019-09-17,"2,062.33","1,190.70"
2019-09-18,"2,070.73","1,191.30"
2019-09-19,"2,080.35","1,193.60"
2019-09-20,"2,091.52","1,188.00"
2019-09-23,"2,091.70","1,194.00"
2019-09-24,"2,101.04","1,195.70"
2019-09-25,"2,073.39","1,198.80"
2019-09-26,"2,074.52","1,198.80"
2019-09-27,"2,049.93","1,199.90"
2019-09-30,"2,063.05","1,196.20"
2019-10-01,"2,072.42","1,199.00"
2019-10-02,"2,031.91","1,206.00"
2019-10-04,"2,020.69","1,196.80"
2019-10-07,"2,021.73","1,196.60"
2019-10-08,"2,046.25","1,193.10"
2019-10-10,"2,028.15","1,196.20"
2019-10-11,"2,044.61","1,188.80"
2019-10-14,"2,067.40","1,184.90"
2019-10-15,"2,068.17","1,185.20"
2019-10-16,"2,082.83","1,187.80"
2019-10-17,"2,077.94","1,187.00"
2019-10-18,"2,060.69","1,181.50"
2019-10-21,"2,064.84","1,172.00"
2019-10-22,"2,088.86","1,169.70"
2019-10-23,"2,080.62","1,172.40"
2019-10-24,"2,085.66","1,172.90"
2019-10-25,"2,087.89","1,173.00"
2019-10-28,"2,093.60","1,170.70"
2019-10-29,"2,092.69","1,163.00"
2019-10-30,"2,080.27","1,168.10"
2019-10-31,"2,083.48","1,163.40"
2019-11-01,"2,100.20","1,165.60"
2019-11-04,"2,130.24","1,159.20"
2019-11-05,"2,142.64","1,157.50"
2019-11-06,"2,144.15","1,156.90"
2019-11-07,"2,144.29","1,159.30"
2019-11-08,"2,137.23","1,157.50"
2019-11-11,"2,124.09","1,166.80"
2019-11-12,"2,140.92","1,160.80"
2019-11-13,"2,122.45","1,167.80"
2019-11-14,"2,139.23","1,169.70"
2019-11-15,"2,162.18","1,166.60"
2019-11-18,"2,160.69","1,164.50"
2019-11-19,"2,153.24","1,167.60"
2019-11-20,"2,125.32","1,170.10"
2019-11-21,"2,096.60","1,178.10"
2019-11-22,"2,101.96","1,178.90"
2019-11-25,"2,123.50","1,176.00"
2019-11-26,"2,121.35","1,176.70"
2019-11-27,"2,127.85","1,177.20"
2019-11-28,"2,118.60","1,179.00"
2019-11-29,"2,087.96","1,181.20"
2019-12-02,"2,091.92","1,183.10"
2019-12-03,"2,084.07","1,187.20"
2019-12-04,"2,068.89","1,194.30"
2019-12-05,"2,060.74","1,190.20"
2019-12-06,"2,081.85","1,189.60"
2019-12-09,"2,088.65","1,189.90"
2019-12-10,"2,098.00","1,191.30"
2019-12-11,"2,105.62","1,194.70"
2019-12-12,"2,137.35","1,186.80"
2019-12-13,"2,170.25","1,171.70"
2019-12-16,"2,168.15","1,172.30"
2019-12-17,"2,195.68","1,166.20"
2019-12-18,"2,194.76","1,168.80"
2019-12-19,"2,196.56","1,165.60"
2019-12-20,"2,204.18","1,160.60"
2019-12-23,"2,203.71","1,164.30"
2019-12-24,"2,190.08","1,163.90"
2019-12-26,"2,197.93","1,161.80"
2019-12-27,"2,204.21","1,161.50"
2019-12-30,"2,197.67","1,156.40"
2019-12-31,,
2020-01-02,"2,175.17","1,158.10"
2020-01-03,"2,176.46","1,167.10"
2020-01-06,"2,155.07","1,172.10"
2020-01-07,"2,175.54","1,166.40"
2020-01-08,"2,151.31","1,170.80"
2020-01-09,"2,186.45","1,159.10"
2020-01-10,"2,206.39","1,161.30"
2020-01-13,"2,229.26","1,156.00"
2020-01-14,"2,238.88","1,156.10"
2020-01-15,"2,230.98","1,157.00"
2020-01-16,"2,248.05","1,161.10"
2020-01-17,"2,250.57","1,159.40"
2020-01-20,"2,262.64","1,158.10"
2020-01-21,"2,239.69","1,167.00"
2020-01-22,"2,267.25","1,164.60"
2020-01-23,"2,246.13","1,168.70"
2020-01-28,"2,176.72","1,176.70"
2020-01-29,"2,185.28","1,177.20"
2020-01-30,"2,148.00","1,185.00"
2020-01-31,"2,119.01","1,191.80"
2020-02-03,"2,118.88","1,195.00"
2020-02-04,"2,157.90","1,187.40"
2020-02-05,"2,165.63","1,191.50"
2020-02-06,"2,227.94","1,179.80"
2020-02-07,"2,211.95","1,186.50"
2020-02-10,"2,201.07","1,187.10"
2020-02-11,"2,223.12","1,181.60"
2020-02-12,"2,238.38","1,179.50"
2020-02-13,"2,232.96","1,182.80"
2020-02-14,"2,243.59","1,183.00"
2020-02-17,"2,242.17","1,183.90"
2020-02-18,"2,208.88","1,189.50"
2020-02-19,"2,210.34","1,189.30"
2020-02-20,"2,195.50","1,198.70"
2020-02-21,"2,162.84","1,209.20"
2020-02-24,"2,079.04","1,220.20"
2020-02-25,"2,103.61","1,210.30"
2020-02-26,"2,076.77","1,216.90"
2020-02-27,"2,054.89","1,217.20"
2020-02-28,"1,987.01","1,213.70"
2020-03-02,"2,002.51","1,193.70"
2020-03-03,"2,014.15","1,195.20"
2020-03-04,"2,059.33","1,187.80"
2020-03-05,"2,085.26","1,181.20"
2020-03-06,"2,040.22","1,192.30"
2020-03-09,"1,954.77","1,204.20"
2020-03-10,"1,962.93","1,193.20"
2020-03-11,"1,908.27","1,193.00"
2020-03-12,"1,834.33","1,206.50"
2020-03-13,"1,771.44","1,219.30"
2020-03-16,"1,714.86","1,226.00"
2020-03-17,"1,672.44","1,243.50"
2020-03-18,"1,591.20","1,245.70"
2020-03-19,"1,457.64","1,285.70"
2020-03-20,"1,566.15","1,246.50"
2020-03-23,"1,482.46","1,266.50"
2020-03-24,"1,609.97","1,249.60"
2020-03-25,"1,704.76","1,229.90"
2020-03-26,"1,686.24","1,232.80"
2020-03-27,"1,717.73","1,210.60"
2020-03-30,"1,717.12","1,224.40"
2020-03-31,"1,754.64","1,217.40"
2020-04-01,"1,685.46","1,230.50"
2020-04-02,"1,724.86","1,228.30"
2020-04-03,"1,725.44","1,230.90"
2020-04-06,"1,791.88","1,229.30"
2020-04-07,"1,823.60","1,221.20"
2020-04-08,"1,807.14","1,220.90"
2020-04-09,"1,836.21","1,219.50"
2020-04-10,"1,860.70","1,208.80"
2020-04-13,"1,825.76","1,217.90"
2020-04-14,"1,857.08","1,217.30"
2020-04-16,"1,857.07","1,228.70"
2020-04-17,"1,914.53","1,217.90"
2020-04-20,"1,898.36","1,220.50"
2020-04-21,"1,879.38","1,229.70"
2020-04-22,"1,896.15","1,232.20"
2020-04-23,"1,914.73","1,229.70"
2020-04-24,"1,889.01","1,235.50"
2020-04-27,"1,922.77","1,226.20"
2020-04-28,"1,934.09","1,225.20"
2020-04-29,"1,947.56","1,218.20"
2020-05-04,"1,895.37","1,229.10"
2020-05-06,"1,928.76","1,222.10"
2020-05-07,"1,928.61","1,225.00"
2020-05-08,"1,945.82","1,219.90"
2020-05-11,"1,935.40","1,220.50"
2020-05-12,"1,922.17","1,224.80"
2020-05-13,"1,940.42","1,223.80"
2020-05-14,"1,924.96","1,228.00"
2020-05-15,"1,927.28","1,231.00"
2020-05-18,"1,937.11","1,232.40"
2020-05-19,"1,980.61","1,225.30"
2020-05-20,"1,989.64","1,230.30"
2020-05-21,"1,998.31","1,230.90"
2020-05-22,"1,970.13","1,237.00"
2020-05-25,"1,994.60","1,244.20"
2020-05-26,"2,029.78","1,234.30"
2020-05-27,"2,031.20","1,234.40"
2020-05-28,"2,028.54","1,239.60"
2020-05-29,"2,029.60","1,238.50"
2020-06-01,"2,065.08","1,225.00"
2020-06-02,"2,087.19","1,225.40"
2020-06-03,"2,147.00","1,216.80"
2020-06-04,"2,151.18","1,218.70"
2020-06-05,"2,181.87","1,207.10"
2020-06-08,"2,184.29","1,204.80"
2020-06-09,"2,188.92","1,197.70"
2020-06-10,"2,195.69","1,191.20"
2020-06-11,"2,176.78","1,196.40"
2020-06-12,"2,132.30","1,203.80"
2020-06-15,"2,030.82","1,216.00"
2020-06-16,"2,138.05","1,207.00"
2020-06-17,"2,141.05","1,213.90"
2020-06-18,"2,133.48","1,208.00"
2020-06-19,"2,141.32","1,209.60"
2020-06-22,"2,126.73","1,215.80"
2020-06-23,"2,131.24","1,208.80"
2020-06-24,"2,161.51","1,199.40"
2020-06-25,"2,112.37","1,204.70"
2020-06-26,"2,134.65","1,200.60"
2020-06-29,"2,093.48","1,198.60"
2020-06-30,"2,108.33","1,203.00"
2020-07-01,"2,106.70","1,203.40"
2020-07-02,"2,135.37","1,200.00"
2020-07-03,"2,152.41","1,198.60"
2020-07-06,"2,187.93","1,195.80"
2020-07-07,"2,164.17","1,195.70"
2020-07-08,"2,158.88","1,195.50"
2020-07-09,"2,167.90","1,195.50"
2020-07-10,"2,150.25","1,204.50"
2020-07-13,"2,186.06","1,200.90"
2020-07-14,"2,183.61","1,205.70"
2020-07-15,"2,201.88","1,200.50"
2020-07-16,"2,183.76","1,205.60"
2020-07-17,"2,201.19","1,205.10"
2020-07-20,"2,198.20","1,203.20"
2020-07-21,"2,228.83","1,197.80"
2020-07-22,"2,228.66","1,195.30"
2020-07-23,"2,216.19","1,197.30"
2020-07-24,"2,200.44","1,201.50"
2020-07-27,"2,217.86","1,196.10"
2020-07-28,"2,256.99","1,196.90"
2020-07-29,"2,263.16","1,193.10"
2020-07-30,"2,267.01","1,194.40"
2020-07-31,"2,249.37","1,191.30"
2020-08-03,"2,251.04","1,193.40"
2020-08-04,"2,279.97","1,194.10"
2020-08-05,"2,311.86","1,188.80"
2020-08-06,"2,342.61","1,183.50"
2020-08-07,"2,351.67","1,184.70"
2020-08-10,"2,386.38","1,185.60"
2020-08-11,"2,418.67","1,185.60"
2020-08-12,"2,432.35","1,185.30"
2020-08-13,"2,437.53","1,183.30"
2020-08-14,"2,407.49","1,184.60"
2020-08-18,"2,348.24","1,183.70"
2020-08-19,"2,360.54","1,181.20"
2020-08-20,"2,274.22","1,186.90"
2020-08-21,"2,304.59","1,186.30"
2020-08-24,"2,329.83","1,189.10"
2020-08-25,"2,366.73","1,185.10"
2020-08-26,"2,369.32","1,186.80"
2020-08-27,"2,344.45","1,185.00"
2020-08-28,"2,353.80","1,184.30"
2020-08-31,"2,326.17","1,187.80"
2020-09-01,"2,349.55","1,183.00"
2020-09-02,"2,364.27","1,185.40"
2020-09-03,"2,395.90","1,188.30"
2020-09-04,"2,368.25","1,189.60"
2020-09-07,"2,384.22","1,188.30"
2020-09-08,"2,401.91","1,186.40"
2020-09-09,"2,375.81","1,189.10"
2020-09-10,"2,396.48","1,184.90"
2020-09-11,"2,396.69","1,186.90"
2020-09-14,"2,427.91","1,183.50"
2020-09-15,"2,443.58","1,179.00"
2020-09-16,"2,435.92","1,176.10"
2020-09-17,"2,406.17","1,174.40"
2020-09-18,"2,412.40","1,160.30"
2020-09-21,"2,389.39","1,158.00"
2020-09-22,"2,332.59","1,165.00"
2020-09-23,"2,333.24","1,164.40"
2020-09-24,"2,272.70","1,172.70"
2020-09-25,"2,278.79","1,172.30"
2020-09-28,"2,308.08","1,173.60"
2020-09-29,"2,327.89","1,169.50"
2020-10-05,"2,358.00","1,163.40"
2020-10-06,"2,365.90","1,161.00"
2020-10-07,"2,386.94","1,158.20"
2020-10-08,"2,391.96","1,153.30"
2020-10-12,"2,403.73","1,146.80"
2020-10-13,"2,403.15","1,147.10"
2020-10-14,"2,380.48","1,146.90"
2020-10-15,"2,361.21","1,143.20"
2020-10-16,"2,341.53","1,147.40"
2020-10-19,"2,346.74","1,142.00"
2020-10-20,"2,358.41","1,139.40"
2020-10-21,"2,370.86","1,131.90"
2020-10-22,"2,355.05","1,132.90"
2020-10-23,"2,360.81","1,132.90"
2020-10-26,"2,343.91","1,127.70"
2020-10-27,"2,330.84","1,125.50"
2020-10-28,"2,345.26","1,130.60"
2020-10-29,"2,326.67","1,131.40"
2020-10-30,"2,267.15","1,135.10"
2020-11-02,"2,300.16","1,133.60"
2020-11-03,"2,343.31","1,134.10"
2020-11-04,"2,357.32","1,137.70"
2020-11-05,"2,413.79","1,128.20"
2020-11-06,"2,416.50","1,120.40"
2020-11-09,"2,447.20","1,113.90"
2020-11-10,"2,452.83","1,115.10"
2020-11-11,"2,485.87","1,110.00"
2020-11-12,"2,475.62","1,114.80"
2020-11-13,"2,493.87","1,115.60"
2020-11-16,"2,543.03","1,109.30"
2020-11-17,"2,539.15","1,106.60"
2020-11-18,"2,545.64","1,103.80"
2020-11-19,"2,547.42","1,115.60"
2020-11-20,"2,553.50","1,114.30"
2020-11-23,"2,602.59","1,110.40"
2020-11-24,"2,617.76","1,112.70"
2020-11-25,"2,601.54","1,108.90"
2020-11-26,"2,625.91","1,104.60"
2020-11-27,"2,633.45","1,103.20"
2020-11-30,"2,591.34","1,106.50"
2020-12-01,"2,634.25","1,106.20"
2020-12-02,"2,675.90","1,100.80"
2020-12-03,"2,696.22","1,097.00"
2020-12-04,"2,731.45","1,082.10"
2020-12-07,"2,745.44","1,082.10"
2020-12-08,"2,700.93","1,085.40"
2020-12-09,"2,755.47","1,084.80"
2020-12-10,"2,746.46","1,087.70"
2020-12-11,"2,770.06","1,090.30"
2020-12-14,"2,762.20","1,091.80"
2020-12-15,"2,756.82","1,093.30"
2020-12-16,"2,771.79","1,094.00"
2020-12-17,"2,770.43","1,093.30"
2020-12-18,"2,772.18","1,099.70"
2020-12-21,"2,778.65","1,102.70"
2020-12-22,"2,733.68","1,107.40"
2020-12-23,"2,759.82","1,107.90"
2020-12-24,"2,806.86","1,103.00"
2020-12-28,"2,808.60","1,096.70"
2020-12-29,"2,820.51","1,092.10"
2020-12-30,"2,873.47","1,086.30"
2020-12-31,,
2021-01-04,"2,944.45","1,082.10"
2021-01-05,"2,990.57","1,087.60"
2021-01-06,"2,968.21","1,085.60"
2021-01-07,"3,031.68","1,087.30"
2021-01-08,"3,152.18","1,089.80"
2021-01-11,"3,148.45","1,097.30"
2021-01-12,"3,125.95","1,099.90"
2021-01-13,"3,148.29","1,095.10"
2021-01-14,"3,149.93","1,098.00"
2021-01-15,"3,085.90","1,099.40"
2021-01-18,"3,013.93","1,103.90"
2021-01-19,"3,092.66","1,102.90"
2021-01-20,"3,114.55","1,100.30"
2021-01-21,"3,160.84","1,098.20"
2021-01-22,"3,140.63","1,103.20"
2021-01-25,"3,208.99","1,100.70"
2021-01-26,"3,140.31","1,106.50"
2021-01-27,"3,122.56","1,104.40"
2021-01-28,"3,069.05","1,119.60"
2021-01-29,"2,976.21","1,118.80"
2021-02-01,"3,056.53","1,116.50"
2021-02-02,"3,096.81","1,117.70"
2021-02-03,"3,129.68","1,114.90"
2021-02-04,"3,087.55","1,118.50"
2021-02-05,"3,120.63","1,123.70"
2021-02-08,"3,091.24","1,119.60"
2021-02-09,"3,084.67","1,116.60"
2021-02-10,"3,100.58","1,107.00"
2021-02-15,"3,147.00","1,101.40"
2021-02-16,"3,163.25","1,100.10"
2021-02-17,"3,133.73","1,107.50"
2021-02-18,"3,086.66","1,107.60"
2021-02-19,"3,107.62","1,105.90"
2021-02-22,"3,079.75","1,110.40"
2021-02-23,"3,070.09","1,110.60"
2021-02-24,"2,994.98","1,112.20"
2021-02-25,"3,099.69","1,107.80"
2021-02-26,"3,012.95","1,123.50"
2021-03-02,"3,043.87","1,124.00"
2021-03-03,"3,082.99","1,120.30"
2021-03-04,"3,043.49","1,125.10"
2021-03-05,"3,026.26","1,126.10"
2021-03-08,"2,996.11","1,133.20"
2021-03-09,"2,976.12","1,140.30"
2021-03-10,"2,958.12","1,142.70"
2021-03-11,"3,013.70","1,135.90"
2021-03-12,"3,054.39","1,133.80"
2021-03-15,"3,045.71","1,136.30"
2021-03-16,"3,067.17","1,129.70"
2021-03-17,"3,047.50","1,130.20"
2021-03-18,"3,066.01","1,123.70"
2021-03-19,"3,039.53","1,130.60"
2021-03-22,"3,035.46","1,128.40"
2021-03-23,"3,004.74","1,129.70"
2021-03-24,"2,996.35","1,133.60"
2021-03-25,"3,008.33","1,133.30"
2021-03-26,"3,041.01","1,129.30"
2021-03-29,"3,036.04","1,131.70"
2021-03-30,"3,070.00","1,133.60"
2021-03-31,"3,061.42","1,131.80"
2021-04-01,"3,087.40","1,131.90"
2021-04-02,"3,112.80","1,127.50"
2021-04-05,"3,120.83","1,127.70"
2021-04-06,"3,127.08","1,119.60"
2021-04-07,"3,137.41","1,116.30"
2021-04-08,"3,143.26","1,117.20"
2021-04-09,"3,131.88","1,121.20"
2021-04-12,"3,135.59","1,124.90"
2021-04-13,"3,169.08","1,125.90"
2021-04-14,"3,182.38","1,116.60"
2021-04-15,"3,194.33","1,117.60"
2021-04-16,"3,198.62","1,116.30"
2021-04-19,"3,198.84","1,117.20"
2021-04-20,"3,220.70","1,112.30"
2021-04-21,"3,171.66","1,118.60"
2021-04-22,"3,177.52","1,117.30"
2021-04-23,"3,186.10","1,117.80"
2021-04-26,"3,217.53","1,113.20"
2021-04-27,"3,215.42","1,110.40"
2021-04-28,"3,181.47","1,113.00"
2021-04-29,"3,174.07","1,108.20"
2021-04-30,"3,147.86","1,112.30"
2021-05-03,"3,127.20","1,124.00"
2021-05-04,"3,147.37","1,122.60"
2021-05-06,"3,178.74","1,125.80"
2021-05-07,"3,197.20","1,121.30"
2021-05-10,"3,249.30","1,113.80"
2021-05-11,"3,209.43","1,119.60"
2021-05-12,"3,161.66","1,124.70"
2021-05-13,"3,122.11","1,129.30"
2021-05-14,"3,153.32","1,128.60"
2021-05-17,"3,134.52","1,134.80"
2021-05-18,"3,173.05","1,130.50"
2021-05-20,"3,162.28","1,132.00"
2021-05-21,"3,156.42","1,127.00"
2021-05-24,"3,144.30","1,127.10"
2021-05-25,"3,171.32","1,122.00"
2021-05-26,"3,168.43","1,116.90"
2021-05-27,"3,165.51","1,118.10"
2021-05-28,"3,188.73","1,115.50"
2021-05-31,"3,203.92","1,110.90"
2021-06-01,"3,221.87","1,105.90"
2021-06-02,"3,224.23","1,113.30"
2021-06-03,"3,247.43","1,113.60"
2021-06-04,"3,240.08","1,116.50"
2021-06-07,"3,252.12","1,112.90"
2021-06-08,"3,247.83","1,114.20"
2021-06-09,"3,216.18","1,115.40"
2021-06-10,"3,224.64","1,115.80"
2021-06-11,"3,249.32","1,110.80"
2021-06-14,"3,252.13","1,116.70"
2021-06-15,"3,258.63","1,117.00"
2021-06-16,"3,278.68","1,117.20"
2021-06-17,"3,264.96","1,130.40"
2021-06-18,"3,267.93","1,132.30"
2021-06-21,"3,240.79","1,134.70"
2021-06-22,"3,263.88","1,131.90"
2021-06-23,"3,276.19","1,137.70"
2021-06-24,"3,286.10","1,134.90"
2021-06-25,"3,302.84","1,127.70"
2021-06-28,"3,301.89","1,130.30"
2021-06-29,"3,286.68","1,128.50"
2021-06-30,"3,296.68","1,126.10"
2021-07-01,"3,282.06","1,133.10"
2021-07-02,"3,281.78","1,135.00"
2021-07-05,"3,293.21","1,131.80"
2021-07-06,"3,305.21","1,129.70"
2021-07-07,"3,285.34","1,138.10"
2021-07-08,"3,252.68","1,145.00"
2021-07-09,"3,217.95","1,149.10"
2021-07-12,"3,246.47","1,147.00"
2021-07-13,"3,271.38","1,145.40"
2021-07-14,"3,264.81","1,148.50"
2021-07-15,"3,286.22","1,141.50"
2021-07-16,"3,276.91","1,139.50"
2021-07-19,"3,244.04","1,147.80"
2021-07-20,"3,232.70","1,150.40"
2021-07-21,"3,215.91","1,154.00"
2021-07-22,"3,250.21","1,149.90"
2021-07-23,"3,254.42","1,150.80"
2021-07-26,"3,224.95","1,155.00"
2021-07-27,"3,232.53","1,150.10"
2021-07-28,"3,236.86","1,154.60"
2021-07-29,"3,242.65","1,146.50"
2021-07-30,"3,202.32","1,150.30"
2021-08-02,"3,223.04","1,150.90"
2021-08-03,"3,237.14","1,148.30"
2021-08-04,"3,280.38","1,143.60"
2021-08-05,"3,276.13","1,143.70"
2021-08-06,"3,270.36","1,142.10"
2021-08-09,"3,260.42","1,144.30"
2021-08-10,"3,243.19","1,149.80"
2021-08-11,"3,220.62","1,156.40"
2021-08-12,"3,208.38","1,161.20"
2021-08-13,"3,171.29","1,169.00"
2021-08-17,"3,143.09","1,176.30"
2021-08-18,"3,158.93","1,168.00"
2021-08-19,"3,097.83","1,176.20"
2021-08-20,"3,060.51","1,179.60"
2021-08-23,"3,090.21","1,173.70"
2021-08-24,"3,138.30","1,165.60"
2021-08-25,"3,146.81","1,168.10"
2021-08-26,"3,128.53","1,170.50"
2021-08-27,"3,133.90","1,169.20"
2021-08-30,"3,144.19","1,167.00"
2021-08-31,"3,199.27","1,159.50"
2021-09-01,"3,207.02","1,157.20"
2021-09-02,"3,175.85","1,161.50"
2021-09-03,"3,201.06","1,157.00"
2021-09-06,"3,203.33","1,156.50"
2021-09-07,"3,187.42","1,157.80"
2021-09-08,"3,162.99","1,166.70"
2021-09-09,"3,114.70","1,169.20"
2021-09-10,"3,125.76","1,169.10"
2021-09-13,"3,127.86","1,176.00"
2021-09-14,"3,148.83","1,170.80"
2021-09-15,"3,153.40","1,170.50"
2021-09-16,"3,130.09","1,171.80"
2021-09-17,"3,140.51","1,175.00"
2021-09-23,"3,127.58","1,175.50"
2021-09-24,"3,125.24","1,176.50"
2021-09-27,"3,133.64","1,176.80"
2021-09-28,"3,097.92","1,184.40"
2021-09-29,"3,060.27","1,181.80"
2021-09-30,"3,068.82","1,184.00"
2021-10-01,"3,019.18","1,188.70"
2021-10-05,"2,962.17","1,188.70"
2021-10-06,"2,908.31","1,192.30"
2021-10-07,"2,959.46","1,190.40"
2021-10-08,"2,956.30","1,194.60"
2021-10-12,"2,916.38","1,198.80"
2021-10-13,"2,944.41","1,193.80"
2021-10-14,"2,988.64","1,186.80"
2021-10-15,"3,015.06","1,182.40"
2021-10-18,"3,006.68","1,187.60"
2021-10-19,"3,029.04","1,178.70"
2021-10-20,"3,013.13","1,174.20"
2021-10-21,"3,007.33","1,177.20"
2021-10-22,"3,006.16","1,177.10"
2021-10-25,"3,020.54","1,168.40"
2021-10-26,"3,049.08","1,167.60"
2021-10-27,"3,025.49","1,170.00"
2021-10-28,"3,009.55","1,169.70"
2021-10-29,"2,970.68","1,168.60"
2021-11-01,"2,978.94","1,176.50"
2021-11-02,"3,013.49","1,174.40"
2021-11-03,"2,975.71","1,181.60"
2021-11-04,"2,983.22","1,182.60"
2021-11-05,"2,969.27","1,185.20"
2021-11-08,"2,960.20","1,183.10"
2021-11-09,"2,962.46","1,177.20"
2021-11-10,"2,930.17","1,180.90"
2021-11-11,"2,924.92","1,180.80"
2021-11-12,"2,968.80","1,179.60"
2021-11-15,"2,999.52","1,178.40"
2021-11-16,"2,997.21","1,179.90"
2021-11-17,"2,962.42","1,182.50"
2021-11-18,"2,947.38","1,180.40"
2021-11-19,"2,971.02","1,185.30"
2021-11-22,"3,013.25","1,185.10"
2021-11-23,"2,997.33","1,189.70"
2021-11-24,"2,994.29","1,186.50"
2021-11-25,"2,980.27","1,190.20"
2021-11-26,"2,936.44","1,193.30"
2021-11-29,"2,909.32","1,193.00"
2021-11-30,"2,839.01","1,187.90"
2021-12-01,"2,899.72","1,179.20"
2021-12-02,"2,945.27","1,175.90"
2021-12-03,"2,968.33","1,180.10"
2021-12-06,"2,973.25","1,183.00"
2021-12-07,"2,991.72","1,179.50"
2021-12-08,"3,001.80","1,175.90"
2021-12-09,"3,029.57","1,174.50"
2021-12-10,"3,010.23","1,181.30"
2021-12-13,"3,001.66","1,180.80"
2021-12-14,"2,987.95","1,182.60"
2021-12-15,"2,989.39","1,185.20"
2021-12-16,"3,006.41","1,183.90"
2021-12-17,"3,017.73","1,180.90"
2021-12-20,"2,963.00","1,190.80"
2021-12-21,"2,975.03","1,192.90"
2021-12-22,"2,984.48","1,192.00"
2021-12-23,"2,998.17","1,187.90"
2021-12-24,"3,012.43","1,186.60"
2021-12-27,"2,999.55","1,186.80"
2021-12-28,"3,020.24","1,188.00"
2021-12-29,"2,993.29","1,186.50"
2021-12-30,"2,977.65","1,188.80"
2021-12-31,,
2022-01-03,"2,988.77","1,191.80"
2022-01-04,"2,989.24","1,194.10"
2022-01-05,"2,953.97","1,196.90"
2022-01-06,"2,920.53","1,200.90"
2022-01-07,"2,954.89","1,201.50"
2022-01-10,"2,926.72","1,199.10"
2022-01-11,"2,927.38","1,194.80"
2022-01-12,"2,972.48","1,190.50"
2022-01-13,"2,962.09","1,187.50"
2022-01-14,"2,921.92","1,187.30"
2022-01-17,"2,890.10","1,192.70"
2022-01-18,"2,864.24","1,190.10"
2022-01-19,"2,842.28","1,191.70"
2022-01-20,"2,862.68","1,192.40"
2022-01-21,"2,834.29","1,194.00"
2022-01-24,"2,792.00","1,196.10"
2022-01-25,"2,720.39","1,198.60"
2022-01-26,"2,709.24","1,197.70"
2022-01-27,"2,614.49","1,202.80"
2022-01-28,"2,663.34","1,205.50"
2022-02-03,"2,707.82","1,206.40"
2022-02-04,"2,750.26","1,197.00"
2022-02-07,"2,745.06","1,200.70"
2022-02-08,"2,746.47","1,197.70"
2022-02-09,"2,768.85","1,196.50"
2022-02-10,"2,771.93","1,196.50"
2022-02-11,"2,747.71","1,198.50"
2022-02-14,"2,704.48","1,191.10"
2022-02-15,"2,676.54","1,199.80"
2022-02-16,"2,729.68","1,197.60"
2022-02-17,"2,744.09","1,197.10"
2022-02-18,"2,744.52","1,195.90"
2022-02-21,"2,743.80","1,192.10"
2022-02-22,"2,706.79","1,192.70"
2022-02-23,"2,719.53","1,193.60"
2022-02-24,"2,648.80","1,202.40"
2022-02-25,"2,676.76","1,201.60"
2022-02-28,"2,699.18","1,202.30"
2022-03-02,"2,703.52","1,206.10"
2022-03-03,"2,747.08","1,204.60"
2022-03-04,"2,713.43","1,214.20"
2022-03-07,"2,651.31","1,227.10"
2022-03-08,"2,622.40","1,237.00"
2022-03-10,"2,680.32","1,228.30"
2022-03-11,"2,661.28","1,232.00"
2022-03-14,"2,645.65","1,242.30"
2022-03-15,"2,621.53","1,242.80"
2022-03-16,"2,659.23","1,235.70"
2022-03-17,"2,694.51","1,214.30"
2022-03-18,"2,707.02","1,207.60"
2022-03-21,"2,686.05","1,216.30"
2022-03-22,"2,710.00","1,218.10"
2022-03-23,"2,735.05","1,213.80"
2022-03-24,"2,729.66","1,218.80"
2022-03-25,"2,729.98","1,218.80"
2022-03-28,"2,729.56","1,227.30"
2022-03-29,"2,741.07","1,219.80"
2022-03-30,"2,746.74","1,209.60"
2022-03-31,"2,757.65","1,212.10"
2022-04-01,"2,739.85","1,215.50"
2022-04-04,"2,757.90","1,214.40"
2022-04-05,"2,759.20","1,212.70"
2022-04-06,"2,735.03","1,218.30"
2022-04-07,"2,695.86","1,219.50"
2022-04-08,"2,700.39","1,225.10"
2022-04-11,"2,693.10","1,233.10"
2022-04-12,"2,666.76","1,236.20"
2022-04-13,"2,716.49","1,228.00"
2022-04-14,"2,716.71","1,224.70"
2022-04-15,"2,696.06","1,229.60"
2022-04-18,"2,693.21","1,234.40"
2022-04-19,"2,718.89","1,236.90"
2022-04-20,"2,718.69","1,236.10"
2022-04-21,"2,728.21","1,239.00"
2022-04-22,"2,704.71","1,239.10"
2022-04-25,"2,657.13","1,249.90"
2022-04-26,"2,668.31","1,250.80"
2022-04-27,"2,639.06","1,265.20"
2022-04-28,"2,667.49","1,272.50"
2022-04-29,"2,695.05","1,255.90"
2022-05-02,"2,687.45","1,265.10"
2022-05-03,"2,680.46","1,267.80"
2022-05-04,"2,677.57","1,266.30"
2022-05-06,"2,644.51","1,272.70"
2022-05-09,"2,610.81","1,274.00"
2022-05-10,"2,596.56","1,276.40"
2022-05-11,"2,592.27","1,275.50"
2022-05-12,"2,550.08","1,288.60"
2022-05-13,"2,604.24","1,284.20"
2022-05-16,"2,596.58","1,284.10"
2022-05-17,"2,620.44","1,275.00"
2022-05-18,"2,625.98","1,266.60"
2022-05-19,"2,592.34","1,277.70"
2022-05-20,"2,639.29","1,268.10"
2022-05-23,"2,647.38","1,264.10"
2022-05-24,"2,605.87","1,266.20"
2022-05-25,"2,617.22","1,264.60"
2022-05-26,"2,612.45","1,267.00"
2022-05-27,"2,638.05","1,256.20"
2022-05-30,"2,669.66","1,238.60"
2022-05-31,"2,685.90","1,237.20"
2022-06-02,"2,658.99","1,252.10"
2022-06-03,"2,670.65","1,242.70"
2022-06-07,"2,626.34","1,257.70"
2022-06-08,"2,626.15","1,253.80"
2022-06-09,"2,625.44","1,256.90"
2022-06-10,"2,595.87","1,268.90"
2022-06-13,"2,504.51","1,284.00"
2022-06-14,"2,492.97","1,286.40"
2022-06-15,"2,447.38","1,290.50"
2022-06-16,"2,451.41","1,285.60"
2022-06-17,"2,440.93","1,287.30"
2022-06-20,"2,391.03","1,292.40"
2022-06-21,"2,408.93","1,293.60"
2022-06-22,"2,342.81","1,297.30"
2022-06-23,"2,314.32","1,301.80"
2022-06-24,"2,366.60","1,298.20"
2022-06-27,"2,401.92","1,286.50"
2022-06-28,"2,422.09","1,283.40"
2022-06-29,"2,377.99","1,299.00"
2022-06-30,"2,332.64","1,298.40"
2022-07-01,"2,305.42","1,297.30"
2022-07-04,"2,300.34","1,297.10"
2022-07-05,"2,341.78","1,300.30"
2022-07-06,"2,292.01","1,306.30"
2022-07-07,"2,334.27","1,299.80"
2022-07-08,"2,350.61","1,300.40"
2022-07-11,"2,340.27","1,303.90"
2022-07-12,"2,317.76","1,312.10"
2022-07-13,"2,328.61","1,306.90"
2022-07-14,"2,322.32","1,312.10"
2022-07-15,"2,330.98","1,326.10"
2022-07-18,"2,375.25","1,317.40"
2022-07-19,"2,370.97","1,313.40"
2022-07-20,"2,386.85","1,312.90"
2022-07-21,"2,409.16","1,307.70"
2022-07-22,"2,393.14","1,313.00"
2022-07-25,"2,403.69","1,313.70"
2022-07-26,"2,412.96","1,307.60"
2022-07-27,"2,415.53","1,313.30"
2022-07-28,"2,435.27","1,296.10"
2022-07-29,"2,451.50","1,299.10"
2022-08-01,"2,452.25","1,304.00"
2022-08-02,"2,439.62","1,304.70"
2022-08-03,"2,461.45","1,310.30"
2022-08-04,"2,473.11","1,310.10"
2022-08-05,"2,490.80","1,298.30"
2022-08-08,"2,493.10","1,306.40"
2022-08-09,"2,503.46","1,304.60"
2022-08-10,"2,480.88","1,310.40"
2022-08-11,"2,523.78","1,303.00"
2022-08-12,"2,527.94","1,302.40"
2022-08-16,"2,533.52","1,308.10"
2022-08-17,"2,516.47","1,310.30"
2022-08-18,"2,508.05","1,320.70"
2022-08-19,"2,492.69","1,325.90"
2022-08-22,"2,462.50","1,339.80"
2022-08-23,"2,435.34","1,345.50"
2022-08-24,"2,447.45","1,342.10"
2022-08-25,"2,477.26","1,335.20"
2022-08-26,"2,481.03","1,331.30"
2022-08-29,"2,426.89","1,350.40"
2022-08-30,"2,450.93","1,346.70"
2022-08-31,"2,472.05","1,337.60"
2022-09-01,"2,415.61","1,354.90"
2022-09-02,"2,409.41","1,362.60"
2022-09-05,"2,403.68","1,371.40"
2022-09-06,"2,410.02","1,371.70"
2022-09-07,"2,376.46","1,384.20"
2022-09-08,"2,384.28","1,380.80"
2022-09-13,"2,449.54","1,373.60"
2022-09-14,"2,411.42","1,390.90"
2022-09-15,"2,401.83","1,393.70"
2022-09-16,"2,382.78","1,388.00"
2022-09-19,"2,355.66","1,393.60"
2022-09-20,"2,367.85","1,389.50"
2022-09-21,"2,347.21","1,394.20"
2022-09-22,"2,332.31","1,409.70"
2022-09-23,"2,290.00","1,409.30"
2022-09-26,"2,220.94","1,431.30"
2022-09-27,"2,223.86","1,421.50"
2022-09-28,"2,169.29","1,439.90"
2022-09-29,"2,170.93","1,438.90"
2022-09-30,"2,155.49","1,430.20"
2022-10-04,"2,209.38","1,426.50"
2022-10-05,"2,215.22","1,410.10"
2022-10-06,"2,237.86","1,402.40"
2022-10-07,"2,232.84","1,412.40"
2022-10-11,"2,192.07","1,435.20"
2022-10-12,"2,202.47","1,424.90"
2022-10-13,"2,162.87","1,431.30"
2022-10-14,"2,212.55","1,428.50"
2022-10-17,"2,219.71","1,435.30"
2022-10-18,"2,249.95","1,422.70"
2022-10-19,"2,237.44","1,426.20"
2022-10-20,"2,218.09","1,433.30"
2022-10-21,"2,213.12","1,439.80"
2022-10-24,"2,236.16","1,439.70"
2022-10-25,"2,235.07","1,433.10"
2022-10-26,"2,249.56","1,426.60"
2022-10-27,"2,288.78","1,417.00"
2022-10-28,"2,268.40","1,421.50"
2022-10-31,"2,293.61","1,424.30"
2022-11-01,"2,335.22","1,417.20"
2022-11-02,"2,336.87","1,417.40"
2022-11-03,"2,329.17","1,423.80"
2022-11-04,"2,348.43","1,419.20"
2022-11-07,"2,371.79","1,401.20"
2022-11-08,"2,399.04","1,384.90"
2022-11-09,"2,424.41","1,364.80"
2022-11-10,"2,402.23","1,377.50"
2022-11-11,"2,483.16","1,318.40"
2022-11-14,"2,474.65","1,325.90"
2022-11-15,"2,480.33","1,317.60"
2022-11-16,"2,477.45","1,325.00"
2022-11-17,"2,442.90","1,339.10"
2022-11-18,"2,444.48","1,340.30"
2022-11-21,"2,419.50","1,354.70"
2022-11-22,"2,405.27","1,356.60"
2022-11-23,"2,418.01","1,351.80"
2022-11-24,"2,441.33","1,328.20"
2022-11-25,"2,437.86","1,323.70"
2022-11-28,"2,408.27","1,340.20"
2022-11-29,"2,433.39","1,326.60"
2022-11-30,"2,472.53","1,318.80"
2022-12-01,"2,479.84","1,299.70"
2022-12-02,"2,434.33","1,299.90"
2022-12-05,"2,419.32","1,292.60"
2022-12-06,"2,393.16","1,318.80"
2022-12-07,"2,382.81","1,321.70"
2022-12-08,"2,371.08","1,318.00"
2022-12-09,"2,389.04","1,301.30"
2022-12-12,"2,373.02","1,307.20"
2022-12-13,"2,372.40","1,306.00"
2022-12-14,"2,399.25","1,296.30"
2022-12-15,"2,360.97","1,303.10"
2022-12-16,"2,360.02","1,305.40"
2022-12-19,"2,352.17","1,302.90"
2022-12-20,"2,333.29","1,289.60"
2022-12-21,"2,328.95","1,285.70"
2022-12-22,"2,356.73","1,276.20"
2022-12-23,"2,313.69","1,280.80"
2022-12-26,"2,317.14","1,274.80"
2022-12-27,"2,332.79","1,271.40"
2022-12-28,"2,280.45","1,267.00"
2022-12-29,"2,236.40","1,264.50"
2022-12-30,,
2023-01-02,"2,225.67","1,272.60"
2023-01-03,"2,218.68","1,271.00"
2023-01-04,"2,255.98","1,271.70"
2023-01-05,"2,264.65","1,269.40"
2023-01-06,"2,289.97","1,268.60"
2023-01-09,"2,350.19","1,243.50"
2023-01-10,"2,351.31","1,244.70"
2023-01-11,"2,359.53","1,246.20"
2023-01-12,"2,365.10","1,245.80"
2023-01-13,"2,386.09","1,241.30"
2023-01-16,"2,399.86","1,235.30"
2023-01-17,"2,379.39","1,238.70"
2023-01-18,"2,368.32","1,237.40"
2023-01-19,"2,380.34","1,232.10"
2023-01-20,"2,395.26","1,235.50"
2023-01-25,"2,428.57","1,231.70"
2023-01-26,"2,468.65","1,230.70"
2023-01-27,"2,484.02","1,231.30"
2023-01-30,"2,450.47","1,227.40"
2023-01-31,"2,425.08","1,231.90"
2023-02-01,"2,449.80","1,231.30"
2023-02-02,"2,468.88","1,220.30"
2023-02-03,"2,480.40","1,229.40"
2023-02-06,"2,438.19","1,252.80"
2023-02-07,"2,451.71","1,255.30"
2023-02-08,"2,483.64","1,260.10"
2023-02-09,"2,481.52","1,260.40"
2023-02-10,"2,469.73","1,265.20"
2023-02-13,"2,452.70","1,277.30"
2023-02-14,"2,465.64","1,269.40"
2023-02-15,"2,427.90","1,282.20"
2023-02-16,"2,475.48","1,284.80"
2023-02-17,"2,451.21","1,299.50"
2023-02-20,"2,455.12","1,294.50"
2023-02-21,"2,458.96","1,295.90"
2023-02-22,"2,417.68","1,304.90"
2023-02-23,"2,439.09","1,297.10"
2023-02-24,"2,423.61","1,304.80"
2023-02-27,"2,402.64","1,323.00"
2023-02-28,"2,412.85","1,322.60"
2023-03-02,"2,427.85","1,315.30"
2023-03-03,"2,432.07","1,301.60"
2023-03-06,"2,462.62","1,296.90"
2023-03-07,"2,463.35","1,299.40"
2023-03-08,"2,431.91","1,321.40"
2023-03-09,"2,419.09","1,322.20"
2023-03-10,"2,394.59","1,324.20"
2023-03-13,"2,410.60","1,301.80"
2023-03-14,"2,348.97","1,311.10"
2023-03-15,"2,379.72","1,303.70"
2023-03-16,"2,377.91","1,313.00"
2023-03-17,"2,395.69","1,302.20"
2023-03-20,"2,379.20","1,310.50"
2023-03-21,"2,388.35","1,311.20"
2023-03-22,"2,416.96","1,307.70"
2023-03-23,"2,424.48","1,278.30"
2023-03-24,"2,414.96","1,294.30"
2023-03-27,"2,409.22","1,301.50"
2023-03-28,"2,434.94","1,298.80"
2023-03-29,"2,443.92","1,302.70"
2023-03-30,"2,453.16","1,299.00"
2023-03-31,"2,476.86","1,301.90"
2023-04-03,"2,472.34","1,316.50"
2023-04-04,"2,480.51","1,315.80"
2023-04-05,"2,495.21","1,310.50"
2023-04-06,"2,459.23","1,319.10"
2023-04-07,"2,490.41","1,316.70"
2023-04-10,"2,512.08","1,319.70"
2023-04-11,"2,547.86","1,322.20"
2023-04-12,"2,550.64","1,325.70"
2023-04-13,"2,561.66","1,310.40"
2023-04-14,"2,571.49","1,298.90"
2023-04-17,"2,575.91","1,311.10"
2023-04-18,"2,571.09","1,318.60"
2023-04-19,"2,575.08","1,325.70"
2023-04-20,"2,563.11","1,322.80"
2023-04-21,"2,544.40","1,328.20"
2023-04-24,"2,523.50","1,334.80"
2023-04-25,"2,489.02","1,332.20"
2023-04-26,"2,484.83","1,336.30"
2023-04-27,"2,495.81","1,338.00"
2023-04-28,"2,501.53","1,337.70"
2023-05-02,"2,524.39","1,342.10"
2023-05-03,"2,501.40","1,338.20"
2023-05-04,"2,500.94","1,322.80"
2023-05-08,"2,513.21","1,321.40"
2023-05-09,"2,510.06","1,323.90"
2023-05-10,"2,496.51","1,324.80"
2023-05-11,"2,491.00","1,326.30"
2023-05-12,"2,475.42","1,334.50"
2023-05-15,"2,479.35","1,337.00"
2023-05-16,"2,480.24","1,338.60"
2023-05-17,"2,494.66","1,337.20"
2023-05-18,"2,515.40","1,334.20"
2023-05-19,"2,537.79","1,326.70"
2023-05-22,"2,557.08","1,318.10"
2023-05-23,"2,567.55","1,312.70"
2023-05-24,"2,567.45","1,317.40"
2023-05-25,"2,554.69","1,326.00"
2023-05-26,"2,558.81","1,324.50"
2023-05-30,"2,585.52","1,324.90"
2023-05-31,"2,577.12","1,327.20"
2023-06-01,"2,569.17","1,321.60"
2023-06-02,"2,601.36","1,305.70"
2023-06-05,"2,615.41","1,308.10"
2023-06-07,"2,615.60","1,303.80"
2023-06-08,"2,610.85","1,303.70"
2023-06-09,"2,641.16","1,291.50"
2023-06-12,"2,629.35","1,288.30"
2023-06-13,"2,637.95","1,271.40"
2023-06-14,"2,619.08","1,278.50"
2023-06-15,"2,608.54","1,280.50"
2023-06-16,"2,625.79","1,271.90"
2023-06-19,"2,609.50","1,282.00"
2023-06-20,"2,604.91","1,280.30"
2023-06-21,"2,582.63","1,292.00"
2023-06-22,"2,593.70","1,294.90"
2023-06-23,"2,570.10","1,304.20"
2023-06-26,"2,582.20","1,306.30"
2023-06-27,"2,581.39","1,300.30"
2023-06-28,"2,564.19","1,307.30"
2023-06-29,"2,550.02","1,317.60"
2023-06-30,"2,564.28","1,317.70"
2023-07-03,"2,602.47","1,308.00"
2023-07-04,"2,593.31","1,301.40"
2023-07-05,"2,579.00","1,298.60"
2023-07-06,"2,556.29","1,300.90"
2023-07-07,"2,526.71","1,305.00"
2023-07-10,"2,520.70","1,306.50"
2023-07-11,"2,562.49","1,293.70"
2023-07-12,"2,574.72","1,288.70"
2023-07-13,"2,591.23","1,274.00"
2023-07-14,"2,628.30","1,265.80"
2023-07-17,"2,619.00","1,266.60"
2023-07-18,"2,607.62","1,260.40"
2023-07-19,"2,608.24","1,265.60"
2023-07-20,"2,600.23","1,269.90"
2023-07-21,"2,609.76","1,283.40"
2023-07-24,"2,628.53","1,279.90"
2023-07-25,"2,636.46","1,275.40"
2023-07-26,"2,592.36","1,274.50"
2023-07-27,"2,603.81","1,277.70"
2023-07-28,"2,608.32","1,277.00"
2023-07-31,"2,632.58","1,274.60"
2023-08-01,"2,667.07","1,283.80"
2023-08-02,"2,616.47","1,298.50"
2023-08-03,"2,605.39","1,299.10"
2023-08-04,"2,602.80","1,309.80"
2023-08-07,"2,580.71","1,306.20"
2023-08-08,"2,573.98","1,315.70"
2023-08-09,"2,605.12","1,315.70"
2023-08-10,"2,601.56","1,316.00"
2023-08-11,"2,591.26","1,324.90"
2023-08-14,"2,570.87","1,330.90"
2023-08-16,"2,525.64","1,336.90"
2023-08-17,"2,519.85","1,342.00"
2023-08-18,"2,504.50","1,338.30"
2023-08-21,"2,508.80","1,342.60"
2023-08-22,"2,515.74","1,335.50"
2023-08-23,"2,505.50","1,339.70"
2023-08-24,"2,537.68","1,322.60"
2023-08-25,"2,519.14","1,325.20"
2023-08-28,"2,543.41","1,323.40"
2023-08-29,"2,552.16","1,321.90"
2023-08-30,"2,561.22","1,323.40"
2023-08-31,"2,556.27","1,321.80"
2023-09-01,"2,563.71","1,318.80"
2023-09-04,"2,584.55","1,319.80"
2023-09-05,"2,582.18","1,330.60"
2023-09-06,"2,563.34","1,330.50"
2023-09-07,"2,548.26","1,335.40"
2023-09-08,"2,547.68","1,333.40"
2023-09-11,"2,556.88","1,331.10"
2023-09-12,"2,536.58","1,327.80"
2023-09-13,"2,534.70","1,330.00"
2023-09-14,"2,572.89","1,325.70"
2023-09-15,"2,601.28","1,325.90"
2023-09-18,"2,574.72","1,324.40"
2023-09-19,"2,559.21","1,328.50"
2023-09-20,"2,559.74","1,330.10"
2023-09-21,"2,514.97","1,339.70"
2023-09-22,"2,508.13","1,336.80"
2023-09-25,"2,495.76","1,336.50"
2023-09-26,"2,462.97","1,348.50"
2023-09-27,"2,465.07","1,349.30"
2023-10-04,"2,405.69","1,363.50"
2023-10-05,"2,403.60","1,350.50"
2023-10-06,"2,408.73","1,349.90"
2023-10-10,"2,402.58","1,349.50"
2023-10-11,"2,450.08","1,338.70"
2023-10-12,"2,479.82","1,338.50"
2023-10-13,"2,456.15","1,350.00"
2023-10-16,"2,436.24","1,353.70"
2023-10-17,"2,460.17","1,353.60"
2023-10-18,"2,462.60","1,349.60"
2023-10-19,"2,415.80","1,357.40"
2023-10-20,"2,375.00","1,352.40"
2023-10-23,"2,357.02","1,353.70"
2023-10-24,"2,383.51","1,343.10"
2023-10-25,"2,363.17","1,349.70"
2023-10-26,"2,299.08","1,360.00"
2023-10-27,"2,302.81","1,355.90"
2023-10-30,"2,310.55","1,350.90"
2023-10-31,"2,277.99","1,350.50"
2023-11-01,"2,301.56","1,357.30"
2023-11-02,"2,343.12","1,342.90"
2023-11-03,"2,368.34","1,322.40"
2023-11-06,"2,502.37","1,297.30"
2023-11-07,"2,443.96","1,307.90"
2023-11-08,"2,421.62","1,310.60"
2023-11-09,"2,427.08","1,310.10"
2023-11-10,"2,409.66","1,316.80"
2023-11-13,"2,403.76","1,325.10"
2023-11-14,"2,433.25","1,328.90"
2023-11-15,"2,486.67","1,300.80"
2023-11-16,"2,488.18","1,296.90"
2023-11-17,"2,469.85","1,296.90"
2023-11-20,"2,491.20","1,291.60"
2023-11-21,"2,510.42","1,289.20"
2023-11-22,"2,511.70","1,300.50"
2023-11-23,"2,514.96","1,297.50"
2023-11-24,"2,496.63","1,306.40"
2023-11-27,"2,495.66","1,303.80"
2023-11-28,"2,521.76","1,293.70"
2023-11-29,"2,519.81","1,289.60"
2023-11-30,"2,535.29","1,290.00"
2023-12-01,"2,505.01","1,305.80"
2023-12-04,"2,514.95","1,304.00"
2023-12-05,"2,494.28","1,311.20"
2023-12-06,"2,495.38","1,313.10"
2023-12-07,"2,492.07","1,325.30"
2023-12-08,"2,517.85","1,306.80"
2023-12-11,"2,525.36","1,316.50"
2023-12-12,"2,535.27","1,314.00"
2023-12-13,"2,510.66","1,319.90"
2023-12-14,"2,544.18","1,295.40"
2023-12-15,"2,563.56","1,296.50"
2023-12-18,"2,566.86","1,297.20"
2023-12-19,"2,568.55","1,307.80"
2023-12-20,"2,614.30","1,298.90"
2023-12-21,"2,600.02","1,305.10"
2023-12-22,"2,599.51","1,303.00"
2023-12-26,"2,602.59","1,294.50"
2023-12-27,"2,613.50","1,294.20"
2023-12-28,"2,655.28","1,288.00"
2023-12-29,,
2024-01-02,"2,669.81","1,300.40"
2024-01-03,"2,607.31","1,304.80"
2024-01-04,"2,587.02","1,310.00"
2024-01-05,"2,578.08","1,315.40"
2024-01-08,"2,567.82","1,316.00"
2024-01-09,"2,561.24","1,315.70"
2024-01-10,"2,541.98","1,320.10"
2024-01-11,"2,540.27","1,312.90"
2024-01-12,"2,525.05","1,313.50"
2024-01-15,"2,525.99","1,320.20"
2024-01-16,"2,497.59","1,331.80"
2024-01-17,"2,435.90","1,344.20"
2024-01-18,"2,440.04","1,339.70"
2024-01-19,"2,472.74","1,339.00"
2024-01-22,"2,464.35","1,338.90"
2024-01-23,"2,478.61","1,333.40"
2024-01-24,"2,469.69","1,337.00"
2024-01-25,"2,470.34","1,335.80"
2024-01-26,"2,478.56","1,336.30"
2024-01-29,"2,500.65","1,335.70"
2024-01-30,"2,498.81","1,329.40"
2024-01-31,"2,497.09","1,334.60"
2024-02-01,"2,542.46","1,331.80"
2024-02-02,"2,615.31","1,322.60"
2024-02-05,"2,591.31","1,330.80"
2024-02-06,"2,576.20","1,327.60"
2024-02-07,"2,609.58","1,327.80"
2024-02-08,"2,620.32","1,328.20"
2024-02-13,"2,649.64","1,328.10"
2024-02-14,"2,620.42","1,335.40"
2024-02-15,"2,613.80","1,334.00"
2024-02-16,"2,648.76","1,335.40"
2024-02-19,"2,680.26","1,335.20"
2024-02-20,"2,657.79","1,337.60"
2024-02-21,"2,653.31","1,334.70"
2024-02-22,"2,664.27","1,328.70"
2024-02-23,"2,667.70","1,331.00"
2024-02-26,"2,647.08","1,331.10"
2024-02-27,"2,625.05","1,331.00"
2024-02-28,"2,652.29","1,333.60"
2024-02-29,"2,642.36","1,331.50"
2024-03-04,"2,674.27","1,331.30"
2024-03-05,"2,649.40","1,334.50"
2024-03-06,"2,641.49","1,334.50"
2024-03-07,"2,647.62","1,330.90"
2024-03-08,"2,680.35","1,319.80"
2024-03-11,"2,659.84","1,310.30"
2024-03-12,"2,681.81","1,311.00"
2024-03-13,"2,693.57","1,314.50"
2024-03-14,"2,718.76","1,317.60"
2024-03-15,"2,666.84","1,330.50"
2024-03-18,"2,685.84","1,333.70"
2024-03-19,"2,656.17","1,339.80"
2024-03-20,"2,690.14","1,339.60"
2024-03-21,"2,754.86","1,322.40"
2024-03-22,"2,748.56","1,338.40"
2024-03-25,"2,737.57","1,342.10"
2024-03-26,"2,757.09","1,339.50"
2024-03-27,"2,755.11","1,348.70"
2024-03-28,"2,745.82","1,346.20"
2024-03-29,"2,746.63","1,347.20"
2024-04-01,"2,747.86","1,349.40"
2024-04-02,"2,753.16","1,352.10"
2024-04-03,"2,706.97","1,348.90"
2024-04-04,"2,742.00","1,347.10"
2024-04-05,"2,714.21","1,352.80"
2024-04-08,"2,717.65","1,353.20"
2024-04-09,"2,705.16","1,354.90"
2024-04-11,"2,706.96","1,364.10"
2024-04-12,"2,681.82","1,375.40"
2024-04-15,"2,670.43","1,384.00"
2024-04-16,"2,609.63","1,394.50"
2024-04-17,"2,584.18","1,386.80"
2024-04-18,"2,634.70","1,372.90"
2024-04-19,"2,591.86","1,382.20"
2024-04-22,"2,629.44","1,379.20"
2024-04-23,"2,623.02","1,378.30"
2024-04-24,"2,675.75","1,369.20"
2024-04-25,"2,628.62","1,375.00"
2024-04-26,"2,656.33","1,375.30"
2024-04-29,"2,687.44","1,377.00"
2024-04-30,"2,692.06","1,382.00"
2024-05-02,"2,683.65","1,375.90"
2024-05-03,"2,676.63","1,362.80"
2024-05-07,"2,734.36","1,360.10"
2024-05-08,"2,745.05","1,361.50"
2024-05-09,"2,712.14","1,370.10"
2024-05-10,"2,727.63","1,368.10"
2024-05-13,"2,727.21","1,368.20"
2024-05-14,"2,730.34","1,369.10"
2024-05-16,"2,753.00","1,345.00"
2024-05-17,"2,724.62","1,354.90"
2024-05-20,"2,742.14","1,355.90"
2024-05-21,"2,724.18","1,363.30"
2024-05-22,"2,723.46","1,362.90"
2024-05-23,"2,721.81","1,362.40"
2024-05-24,"2,687.60","1,369.50"
2024-05-27,"2,722.99","1,363.80"
2024-05-28,"2,722.85","1,358.50"
2024-05-29,"2,677.30","1,365.00"
2024-05-30,"2,635.44","1,379.40"
2024-05-31,"2,636.52","1,384.50"
2024-06-03,"2,682.52","1,376.10"
2024-06-04,"2,662.10","1,376.00"
2024-06-05,"2,689.50","1,373.00"
2024-06-07,"2,722.67","1,365.30"
2024-06-10,"2,701.17","1,376.00"
2024-06-11,"2,705.32","1,378.40"
2024-06-12,"2,728.17","1,376.20"
2024-06-13,"2,754.89","1,373.90"
2024-06-14,"2,758.42","1,379.30"
2024-06-17,"2,744.10","1,381.20"
2024-06-18,"2,763.92","1,381.10"
2024-06-19,"2,797.33","1,381.80"
2024-06-20,"2,807.63","1,384.70"
2024-06-21,"2,784.26","1,388.30"
2024-06-24,"2,764.73","1,389.00"
2024-06-25,"2,774.39","1,387.50"
2024-06-26,"2,792.05","1,388.70"
2024-06-27,"2,784.06","1,385.80"
2024-06-28,"2,797.82","1,376.70"
2024-07-01,"2,804.31","1,379.30"
2024-07-02,"2,780.86","1,388.20"
2024-07-03,"2,794.01","1,390.60"
2024-07-04,"2,824.94","1,380.40"
2024-07-05,"2,862.23","1,380.30"
2024-07-08,"2,857.76","1,383.30"
2024-07-09,"2,867.38","1,381.60"
2024-07-10,"2,867.99","1,384.70"
2024-07-11,"2,891.35","1,378.80"
2024-07-12,"2,857.00","1,379.60"
2024-07-15,"2,860.92","1,382.80"
2024-07-16,"2,866.09","1,384.90"
2024-07-17,"2,843.29","1,381.50"
2024-07-18,"2,824.35","1,381.70"
2024-07-19,"2,795.46","1,386.70"
2024-07-22,"2,763.51","1,388.20"
2024-07-23,"2,774.29","1,386.20"
2024-07-24,"2,758.71","1,383.80"
2024-07-25,"2,710.65","1,385.40"
2024-07-26,"2,731.90","1,385.80"
2024-07-29,"2,765.53","1,381.90"
2024-07-30,"2,738.19","1,385.30"
2024-07-31,"2,770.69","1,376.50"
2024-08-01,"2,777.68","1,366.20"
2024-08-02,"2,676.19","1,371.20"
2024-08-05,"2,441.55","1,374.80"
2024-08-06,"2,522.15","1,375.60"
2024-08-07,"2,568.41","1,376.80"
2024-08-08,"2,556.73","1,377.20"
2024-08-09,"2,588.43","1,364.60"
2024-08-12,"2,618.30","1,372.00"
2024-08-13,"2,621.50","1,370.40"
2024-08-14,"2,644.50","1,360.60"
2024-08-16,"2,697.23","1,357.60"
2024-08-19,"2,674.36","1,334.00"
2024-08-20,"2,696.63","1,333.20"
2024-08-21,"2,701.13","1,336.60"
2024-08-22,"2,707.67","1,334.70"
2024-08-23,"2,701.69","1,338.80"
2024-08-26,"2,698.01","1,326.80"
2024-08-27,"2,689.25","1,331.00"
2024-08-28,"2,689.83","1,339.00"
2024-08-29,"2,662.28","1,333.20"
2024-08-30,"2,674.31","1,336.00"
2024-09-02,"2,681.00","1,338.40"
2024-09-03,"2,664.63","1,341.40"
2024-09-04,"2,580.80","1,342.20"
2024-09-05,"2,575.50","1,335.90"
2024-09-06,"2,544.28","1,327.60"
2024-09-09,"2,535.93","1,339.80"
2024-09-10,"2,523.43","1,343.70"
2024-09-11,"2,513.37","1,339.00"
2024-09-12,"2,572.09","1,338.70"
2024-09-13,"2,575.41","1,329.50"
2024-09-19,"2,580.80","1,329.00"
2024-09-20,"2,593.37","1,329.10"
2024-09-23,"2,602.01","1,335.90"
2024-09-24,"2,631.68","1,334.90"
2024-09-25,"2,596.32","1,331.00"
2024-09-26,"2,671.57","1,327.20"
2024-09-27,"2,649.78","1,318.60"
2024-09-30,"2,593.27","1,307.80"
2024-10-02,"2,561.69","1,319.30"
2024-10-04,"2,569.71","1,333.70"
2024-10-07,"2,610.38","1,346.70"
2024-10-08,"2,594.36","1,349.70"
2024-10-10,"2,599.16","1,350.20"
2024-10-11,"2,596.91","1,349.50"
2024-10-14,"2,623.29","1,355.90"
2024-10-15,"2,633.45","1,361.30"
2024-10-16,"2,610.36","1,362.60"
2024-10-17,"2,609.30","1,368.60"
2024-10-18,"2,593.82","1,369.70"
2024-10-21,"2,604.92","1,375.20"
2024-10-22,"2,570.70","1,380.10"
2024-10-23,"2,599.62","1,382.20"
2024-10-24,"2,581.03","1,380.20"
2024-10-25,"2,583.27","1,388.70"
2024-10-28,"2,612.43","1,385.00"
2024-10-29,"2,617.80","1,386.50"
2024-10-30,"2,593.79","1,382.40"
2024-10-31,"2,556.15","1,379.90"
2024-11-01,"2,542.36","1,379.40"
2024-11-04,"2,588.97","1,370.90"
2024-11-05,"2,576.88","1,378.60"
2024-11-06,"2,563.51","1,396.20"
2024-11-07,"2,564.63","1,396.60"
2024-11-08,"2,561.15","1,386.40"
2024-11-11,"2,531.66","1,394.70"
2024-11-12,"2,482.57","1,403.50"
2024-11-13,"2,417.08","1,406.60"
2024-11-14,"2,418.86","1,405.10"
2024-11-15,"2,416.86","1,398.80"
2024-11-18,"2,469.07","1,395.20"
2024-11-19,"2,471.95","1,390.90"
2024-11-20,"2,482.29","1,390.90"
2024-11-21,"2,480.63","1,397.50"
2024-11-22,"2,501.24","1,401.80"
2024-11-25,"2,534.34","1,402.20"
2024-11-26,"2,520.36","1,398.20"
2024-11-27,"2,503.06","1,397.00"
2024-11-28,"2,504.67","1,395.60"
2024-11-29,"2,455.91","1,394.70"
2024-12-02,"2,454.48","1,401.30"
2024-12-03,"2,500.10","1,402.90"
2024-12-04,"2,464.00","1,410.10"
2024-12-05,"2,441.85","1,415.10"
2024-12-06,"2,428.16","1,419.20"
2024-12-09,"2,360.58","1,437.00"
2024-12-10,"2,417.84","1,426.90"
2024-12-11,"2,442.51","1,432.20"
2024-12-12,"2,482.12","1,431.90"
2024-12-13,"2,494.46","1,433.00"
2024-12-16,"2,488.97","1,435.00"
2024-12-17,"2,456.81","1,438.90"
2024-12-18,"2,484.43","1,435.50"
2024-12-19,"2,435.93","1,451.90"
2024-12-20,"2,404.15","1,451.40"
2024-12-23,"2,442.01","1,452.00"
2024-12-24,"2,440.52","1,456.40"
2024-12-26,"2,429.67","1,464.80"
2024-12-27,"2,404.77","1,467.50"
2024-12-30,"2,399.49","1,472.50"
2024-12-31,,
